Period,PracticeId,Locality,Street,Area,Posttown,County,Postcode
201812,W93001,,ST. LUKE'S SURGERY,(OFF GWYDDON ROAD),ABERCARN NEWBRIDGE,GWENT,NP11 5GX
201812,W93004,,TUDOR GATE SURGERY,TUDOR STREET,ABERGAVENNY,GWENT,NP7 5DL
201812,W93008,,ABERBEEG MEDICAL CENTRE,THE SQUARE,ABERBEEG ABERTILLERY,GWENT,NP13 2AB
201812,W94635,,GERAFON SURGERY,BENLLECH,YNYS MON,,LL74 8TF
201812,W93017,,ESSENDENE SURGERY,WORCESTER STREET,BRYNMAWR,GWENT,NP23 4EY
201812,W93020,,VAUXHALL SURGERY,VAUXHALL LANE,CHEPSTOW,GWENT,NP16 5PZ
201812,W93025,,LLANYRAVON SURGERY,LLANYRAVON WAY,CWMBRAN,GWENT,NP44 8HW
201812,W93027,,CWMBRAN VILLAGE SURGERY,VICTORIA STREET,CWMBRAN,GWENT,NP44 3JS
201812,W93052,,EVESWELL SURGERY,254 CHEPSTOW ROAD,NEWPORT,GWENT,NP19 8NL
201812,W93055,,TROSNANT LODGE,TROSNANT STREET,PONTYPOOL,GWENT,NP4 8AT
201812,W93057,,THE SURGERY,OLD ROAD,ABERSYCHAN PONTYPOOL,GWENT,NP4 7BH
201812,W93059,,WELLSPRING MEDICAL CENTRE,PARK ROAD,RISCA,GWENT,NP11 6BJ
201812,W93064,,RISCA SURGERY,CHURCH HOUSE FIELD,ST.MARY STREET RISCA,GWENT,NP11 6YS
201812,W93066,,MALPAS MEDICAL CENTRE,535 MALPAS ROAD,NEWPORT,GWENT,NP20 6WB
201812,W93069,,THE SURGERY,CROWN STREET,CRUMLIN,GWENT,NP11 4PQ
201812,W93072,,DIXTON ROAD SURGERY,DIXTON ROAD,MONMOUTH,GWENT,NP25 3PL
201812,W93074,,KELVEDON CLINIC,5 KELVEDON STREET,NEWPORT,GWENT,NP19 0DW
201812,W93603,,CENTRAL SURGERY,NORTH STREET,NEWPORT,GWENT,NP20 1HX
201812,W93611,,NEWBRIDGE MEDICAL CENTRE,HIGH STREET,NEWBRIDGE,GWENT,NP11 4FW
201812,W93617,,27 CHESTNUT GREEN,UPPER CWMBRAN,GWENT,,NP44 5TH
201812,W93618,,PONTNEWYNYDD CLINIC,MILL ROAD,PONTNEWYNYDD PONTYPOOL,GWENT,NP4 6NG
201812,W93619,,CWM HEALTH CENTRE,CANNING STREET,CWM EBBW VALE,GWENT,NP23 7RW
201812,W93620,,HEALTH CENTRE,PARK ROW,TREDEGAR,GWENT,NP22 3XP
201812,W93621,,PONTNEWYNYDD CLINIC,MILL ROAD,PONTNEWYNYDD PONTYPOOL,GWENT,NP4 6NG
201812,W93624,,ST.BRIDES MEDICAL CENTRE,TREDEGAR HOUSE DRIVE,DUFFRYN NEWPORT,GWENT,NP10 8UX
201812,W93628,,GAER MEDICAL CENTRE,71 GAER ROAD,NEWPORT,GWENT,NP20 3GX
201812,W93629,,ALWAY HEALTH CENTRE,18 PENKIN CLOSE,NEWPORT,GWENT,NP19 9NT
201812,W93633,,RHYS HOUSE,JAMES STREET,EBBW VALE,GWENT,NP23 6JG
201812,W95002,,LLAN ABER PRACTICE,REAR OF CHURCH STREET,LLANBRADACH CAERPHILLY,MID GLAMORGAN,CF83 3LS
201812,W95073,,THE VILLAGE SURGERY,2 LEWIS TERRACE,LLANBRADACH CAERPHILLY,MID GLAMORGAN,CF83 3JZ
201812,W95078,,SOUTH STREET SURGERY,SOUTH STREET,BARGOED,MID GLAMORGAN,CF81 8ST
201812,W95083,,106 ST. CENYDD ROAD,TRECENYDD,CAERPHILLY,MID GLAMORGAN,CF83 2TE
201812,W95084,,THE SURGERY,TROED Y BRYN,PENYRHEOL CAERPHILLY,MID GLAMORGAN,CF83 2PX
201812,W95629,,BEDWAS SURGERY,EAST AVENUE,BEDWAS,Caerphilly,CF83 8AE
201812,W93693,,THE HEALTH CENTRE,CANNING STREET,CWM EBBW VALE,GWENT,NP11 6RW
201812,W93694,,THE SURGERY,STATION ROAD,BLAINA,GWENT,NP13 3BW
201812,W91699,,GWENT H A,MAMHILAD HOUSE,MAMHHILAD PARK ESTATE,PONTYPOOL GWENT,NP4 0YP
201812,W93118,,KELVEDON CLINIC,5 KELVEDON STREET,NEWPORT,GWENT,NP19 0DW
201812,W93120,,HEALTH CENTRE,MONNOW WAY,BETTWS NEWPORT,GWENT,NP20 7DB
201812,W00009,,MAMHILAD HOUSE,MAMHILAD PARK ESTATE,PONTYPOOL,GWENT,NP4 0YP
201812,W93123,,UNDERWOOD HEALTH CENTRE,BIRCHGROVE,LLANMARTIN,NEWPORT,NP18 2HX
201812,W93124,,PONTNEWYNYDD CLINIC,MILL ROAD,PONTNEWYNYDD PONTYPOOL,GWENT,NP4 6NG
201812,W93130,,CASTELL CLINIC,CWMFELINFACH,YNYSDDU,GWENT,NP11 7HB
201812,W95011,,PARC CANOL SURGERY,CENTRAL PARK,CHURCH VILLAGE PONTYPRIDD,MID GLAMORGAN,CF38 1RJ
201812,W95014,,EGLWYS BACH SURGERY,BERW ROAD,PONTYPRIDD,MID GLAMORGAN,CF37 2AA
201812,W95022,,HEALTH CENTRE,HIGH STREET,ABERDARE,MID GLAMORGAN,CF44 7DD
201812,W95024,,THE ASHGROVE SURGERY,MORGAN STREET,PONTYPRIDD,MID GLAMORGAN,CF37 2DR
201812,W95029,,RHOS HOUSE SURGERY,55 OXFORD STREET,MOUNTAIN ASH,MID GLAMORGAN,CF45 3HD
201812,W95044,,PARK LANE SURGERY,MILL STREET,TONYREFAIL,MID GLAMORGAN,CF39 8AG
201812,W95048,,ABERAMAN SURGERY,GLAMORGAN STREET,ABERAMAN  ABERDARE,MID GLAMORGAN,CF44 6SR
201812,W95055,,HILLCREST MEDICAL CENTRE,PRYCE STREET,MOUNTAIN ASH,MID GLAMORGAN,CF45 3NT
201812,W95071,,NEW TYNEWYDD SURGERY,WILLIAM STREET,TYNEWYDD  TREHERBERT,MID GLAMORGAN,CF42 5LW
201812,W95607,,MISKIN SURGERY,215 PENRHIWCEIBER ROAD,MOUNTAIN ASH,MID GLAMORGAN,CF45 3UF
201812,W95633,,74 MONK STREET,ABERDARE,MID GLAMORGAN,,CF44 7PA
201812,W95638,,10 GEORGE STREET,ABERAMAN,MID GLAMORGAN,,CF44 6RY
201812,W95640,,THE HOLLIES HEALTH CENTRE,SWAN STREET,MERTHYR TYDFIL,MID GLAMORGAN,CF47 1UA
201812,W95642,,69 MILL STREET,TRECYNON,ABERDARE,MID GLAMORGAN,CF44 8LY
201812,W95646,,BROOKSIDE SURGERY,25 BRIDGE STREET,TROEDYRHIW,MID GLAMORGAN,CF48 4DT
201812,W97002,,ROATHWELL SURGERY,116 NEWPORT ROAD,ROATH CARDIFF,SOUTH GLAMORGAN,CF24 1YT
201812,W97004,,BYWAYS,74 PWLLMELIN ROAD,LLANDAFF CARDIFF,SOUTH GLAMORGAN,CF5 2NH
201812,W97006,,BRYNDERWEN SURGERY,CRICKHOWELL ROAD,SAINT MELLONS CARDIFF,SOUTH GLAMORGAN,CF3 0EF
201812,W97012,,LLANGENNITH,37 GABALFA AVENUE,CARDIFF,SOUTH GLAMORGAN,CF14 2XA
201812,W97013,,LLANISHEN COURT SURGERY,LLANISHEN,CARDIFF,SOUTH GLAMORGAN,CF14 5YU
201812,W97017,,WESTWAY SURGERY,1 WILSON ROAD,ELY CARDIFF,SOUTH GLAMORGAN,CF5 4LJ
201812,W97030,,RIVERSIDE HEALTH CENTRE,WELLINGTON STREET,CANTON CARDIFF,SOUTH GLAMORGAN,CF11 9SH
201812,W97047,,FAIRWATER HEALTH CENTRE,PLASMAWR ROAD,CARDIFF,SOUTH GLAMORGAN,CF5  3JT
201812,W97067,,180 KINGS ROAD,CANTON,CARDIFF,SOUTH GLAMORGAN,CF11 9DG
201812,W97069,,WILLOWBROOK SURGERY,STRATHY ROAD,SAINT MELLONS CARDIFF,SOUTH GLAMORGAN,CF3 0SH
201812,W97615,,HOLME TOWERS,MARIE CURIE CANCER HOSPIC,BRIDGEMAN ROAD PENARTH,SOUTH GLAMORGAN,CF64 3YR
201812,W97622,,6 CLARE STREET,RIVERSIDE,CARDIFF,SOUTH GLAMORGAN,CF11 6SB
201812,W97624,,THE WILLOWS SURGERY,230-232 HOLTON ROAD,BARRY,SOUTH GLAMORGAN,CF63 4HS
201812,W92699,,BRO TAF H A,CHURCHILL HOUSE,CHURCHILL WAY,CARDIFF,CF10 2TW
201812,W97286,,LLANDAFF NORTH MED CENTRE,99 STATION ROAD,LLANDAFF NORTH CARDIFF,SOUTH GLAMORGAN,CF14 2FD
201812,W95644,,THE SURGERY,PENRHYS,FERNDALE RHONDDA,MID GLAMORGAN,OO00 0OO
201812,W95289,,COMMUNITY HEALTH CENTRE,RHIGOS,MID GLAMORGAN,,CF44 8LY
201812,W00010,,CHURCHILL HOUSE,CHURCHILL WAY,CARDIFF,SOUTH GLAMORGAN,CF10 2TW
201812,W96002,,MEDDYGFA PENGOROF,GOROF ROAD,YSTRADGYNLAIS,POWYS,SA9 1DS
201812,W96003,,TY HENRY VAUGHAN,BRIDGE STREET,BRECON,POWYS,LD3 8AH
201812,W96008,,ERW VANE SURGERY,PENYBONT ROAD,KNIGHTON,POWYS,LD7 1HB
201812,W96014,,MACHYNLLETH HEALTH CENTRE,FORGE ROAD,MACHYNLLETH,POWYS,SY20 8EQ
201812,W96018,,THE SURGERY,HARPERS LANE,PRESTEIGNE,POWYS,LD8 2AN
201812,W92006,,BORTH SURGERY,HIGH STREET,BORTH CEREDIGION,DYFED,SY24 5JE
201812,W92010,,49-51 LAWS STREET,PEMBROKE DOCK,DYFED,,SA72 6DJ
201812,W92012,,ST.OSWALDS SURGERY,THE PARADE,PEMBROKE,DYFED,SA71 4LD
201812,W00099,,KALEIDOSCOPE,ST DAVID'S UNITING CHURCH,GELLIWASTAD ROAD,PONTYPRIDD,CF37 2BN
201812,W91033,,BEECH HOUSE SURGERY,69 VALE STREET,DENBIGH,DENBIGHSHIRE,LL16 3AU
201812,W00058,,CEREDIGION LHB,THE BRYN NORTH ROAD,LAMPETER,CEREDIGION,SA48 7HA
201812,W91038,,GWRYCH MEDICAL CENTRE,CAE EITHIN,ABERGELE,CONWY,LL22 8LJ
201812,W94028,,CANOLFAN FEDDYGOL YR HEN ORSAF,STATION ROAD,BETHESDA,GWYNEDD,LL57 3NE
201812,W00103,,ABERGELE CLINIC,MARKET STREET,ABERGELE,CONWY,LL22 7BP
201812,W00105,,RURAL NORTH CLINIC,MAES DERW,LLANDUDNO JUNCTION,CONWY,LL31 9AL
201812,W00109,,KALEIDOSCOPE COMM PRESCRIBING,THE LIGHTHOUSE GEORGE STREET,PONTYPOOL,GWENT      ,NP4 6LR 
201812,W00112,,THE LODGE,DENBIGH INFIRMARY,RUTHIN ROAD,DENBIGH,LL16 3ES
201812,W00106,,RURAL SOUTH CLINIC,CANOLFAN CRWST,FFORDD TAN-YR-YSGOL LLANRWST,CONWY,LL26 0AR
201812,W91041,,CEFN MAWR MEDICAL PRACTICE,CEFN MAWR CLINIC,WELL STREET CEFN MAWR,WREXHAM,LL14 3AE
201812,W91003,,CLARENCE MEDICAL CENTRE,WEST RHYL PRIMARY CARE CENTRE,WEST KINMEL STREET RHYL,DENBIGHSHIRE,LL18 1DA
201812,W91060,,ST MARKS DEE VIEW SURGERY,THE QUAY HEALTH CENTRE,FRON ROAD CONNAHS QUAY,FLINTSHIRE,CH5 4PJ
201812,W91040,,THE QUAY SURGERY,THE QUAY HEALTH CENTRE,FRON ROAD CONNAHS QUAY,FLINTSHIRE,CH5 4PJ
201812,W91607,,THE QUAY HEALTH CENTRE,FRON ROAD,CONNAHS QUAY,FLINTSHIRE,CH5 4PJ
201812,W98034,,TY'R FELIN SURGERY,CECIL ROAD,GORSEINON SWANSEA,WEST GLAMORGAN,SA4 4BY
201812,W93011,,AVICENNA MEDICAL CENTRE,BLACKWOOD ROAD,PONTLLANFRAITH BLACKWOOD,GWENT,NP12 2YU
201812,W93019,,WYE VALLEY PRACTICE,SMITHVILLE CLOSE,ST. BRIAVELS,GLOUCESTER,GL15 6TN
201812,W93021,,MOUNT PLEASANT PRACTICE,CHEPSTOW COMMUNITY HOSPITAL,TEMPEST WAY CHEPSTOW,GWENT,NP16 5XR
201812,W93023,,GRAY HILL SURGERY,WOODSTOCK WAY,CALDICOT,GWENT,NP26 5AB
201812,W93026,,NEW CHAPEL STREET SURGERY,HAROLD STREET,PONTNEWYDD CWMBRAN,GWENT,NP44 1DU
201812,W93029,,FAIRWATER MEDICAL CENTRE,FAIRWATER SQUARE,FAIRWATER CWMBRAN,GWENT,NP44 4TA
201812,W00107,,COLWYN BAY CLINIC,HESKETH ROAD,COLWYN BAY,CONWY,LL29 8AY
201812,W00113,,HAFEN LLES,THE OLD CHAMBERS,6-8 NANT HALL ROAD,PRESTATYN,LL19 9LH
201812,W95032,,TREHARRIS PRIMARY CARE CENTRE,FOX STREET,TREHARRIS,MID GLAMORGAN,CF46 5HE
201812,W93010,,MARKHAM MEDICAL CENTRE,JAMES STREET,MARKHAM BLACKWOOD,GWENT,NP12 0QN
201812,W93028,,CLARK AVENUE SURGERY,CLARK AVENUE,PONTNEWYDD CWMBRAN,GWENT,NP44 1RY
201812,W93039,,ST. PAUL'S CLINIC,PALMYRA PLACE KEYNSHAM AVENUE,NEWPORT,GWENT,NP20 4EJ
201812,W93631,,THE SURGERY,LLANHILLETH INSTITUTE,MEADOW STREET LLANHILLETH,ABERTILLERY GWENT,NP13 2JH
201812,W93640,,LLISWERRY MEDICAL CENTRE,FALLOWFIELD DRIVE,LLISWERRY NEWPORT,GWENT,NP19 4TD
201812,W93642,,THE HEALTH CENTRE,GLAN YR AFON LANE,FLEUR DE LIS BLACKWOOD,GWENT,NP12 3WA
201812,W95008,,TY BRYN SURGERY,THE BRYN,TRETHOMAS CAERPHILLY,MID GLAMORGAN,CF83 8GL
201812,W95033,,BARGOED HALL,FAMILY HEALTH CENTRE,CARDIFF ROAD  BARGOED,MID GLAMORGAN,CF81 8NY
201812,W95030,,THE SURGERY,ST. DAVID'S STREET,TON PENTRE RHONDDA,MID GLAMORGAN,CF41 7BD
201812,W95036,,NEWPARK SURGERY,HEOL Y GYFFRAITH,TALBOT GREEN LLANTRISANT,MID GLAMORGAN,CF72 8AJ
201812,W95051,,THE MAERDY FERNDALE MGP,FERNDALE MEDICAL CENTRE,56 - 58 HIGH STREET,FERNDALE MID GLAMORGAN,CF43 4XX
201812,W95057,,PENYGRAIG SURGERY,GEORGE STREET,PENYGRAIG PORTH,RHONDDA MID GLAMORGAN,CF40 1QN
201812,W95076,,THE SURGERY,150 TYNTYLA ROAD,LLWYNYPIA TONYPANDY,MID GLAMORGAN,CF40 2SX
201812,W95086,,MORLAIS MEDICAL PRACTICE,TY MORLAIS BERRY SQUARE,DOWLAIS MERTHYR TYDFIL,MID GLAMORGAN,CF48 3AL
201812,W95610,,YNYSANGHARAD SURGERY,70 YNYSANGHARAD ROAD,PONTYPRIDD RHONDDA CYNON TAFF,MID GLAMORGAN,CF37 4DA
201812,W95618,,NEW TRAP SURGERY,5 DEAN STREET,ABERDARE,MID GLAMORGAN,CF44 7BN
201812,W95626,,THE SURGERY,BRONLLWYN,PENTYRCH,MID GLAMORGAN,CF15 9GE
201812,W97003,,REDLANDS SURGERY,REDLANDS ROAD,PENARTH VALE OF GLAMORGAN,SOUTH GLAMORGAN,CF64 3WX
201812,W97005,,RIVERSIDE HEALTH CENTRE,CANTON COURT WELLINGTON ST,CARDIFF,SOUTH GLAMORGAN,CF11 9SH
201812,W97009,,CATHAYS SURGERY,137 CATHAYS TERRACE,CARDIFF,SOUTH GLAMORGAN,CF24 4HU
201812,W97010,,CYNCOED MEDICAL PRACTICE,DARTINGTON DRIVE,PONTPRENAU CARDIFF,SOUTH GLAMORGAN,CF23 8SQ
201812,W97014,,MEDDYGFA ALBANY SURGERY,219-221 CITY ROAD,ROATH CARDIFF,SOUTH GLAMORGAN,CF24 3JD
201812,W97016,,TAFF RIVERSIDE PRACTICE,HEALTH CENTRE WELLINGTON ST,RIVERSIDE CARDIFF,SOUTH GLAMORGAN,CF11 9SH
201812,W97019,,STATION ROAD SURGERY,15-16 STATION ROAD,PENARTH VALE OF GLAMORGAN,SOUTH GLAMORGAN,CF64 3EP
201812,W97024,,RADYR MEDICAL CENTRE,RECTORY CLOSE,RADYR CARDIFF,SOUTH GLAMORGAN,CF15 8DZ
201812,W97028,,BISHOPS ROAD MEDICAL CENTRE,1 BISHOPS ROAD,WHITCHURCH CARDIFF,SOUTH GLAMORGAN,CF14 1LT
201812,W00100,,CARDIFF HEALTH ACCESS PRACTICE,OUT PATIENTS DEPT.  C R I,LONGCROSS STREET,CARDIFF,CF24 0SZ
201812,W00101,,HEATHERWOOD COURT,LLANTRISANT ROAD,PENYCOEDCAE,PONTYPRIDD,CF37 1PL
201812,W93032,,GLAN RHYD SURGERY,RIVERSIDE,BEAUFORT EBBW VALE,GWENT,NP23 5NT
201812,W95060,,THE MEDICAL CENTRE,CARDIFF ROAD,TAFFS WELL,MID GLAMORGAN,CF15 7YG
201812,W95062,,SAINT ANDREWS SURGERY,1 DE WINTON STREET,TONYPANDY RHONDDA,MID GLAMORGAN,CF40 2QZ
201812,W97040,,ELY BRIDGE SURGERY,23 MILL ROAD,ELY CARDIFF,SOUTH GLAMORGAN,CF5 4AD
201812,W97049,,LLANRUMNEY MEDICAL GROUP,BALL ROAD,LLANRUMNEY CARDIFF,SOUTH GLAMORGAN,CF3 5NP
201812,W97058,,COURT ROAD SURGERY,29 COURT ROAD,BARRY VALE OF GLAMORGAN,SOUTH GLAMORGAN,CF63 4YD
201812,W97062,,SULLY SURGERY,25 SOUTH ROAD SULLY,PENARTH VALE OF GLAMORGAN,SOUTH GLAMORGAN,CF64 5TG
201812,W97614,,VALE FAMILY PRACTICE,ST. BRIDES WAY GIBBONSTOWN,BARRY VALE OF GLAMORGAN,SOUTH GLAMORGAN,CF63 1DU
201812,W97619,,LLANDAFF SURGERY,19A HIGH STREET,LLANDAFF CARDIFF,SOUTH GLAMORGAN,CF5 2DY
201812,W96012,,LLANFYLLIN MEDICAL CENTRE,HIGH STREET,LLANFYLLIN,POWYS,SY22 5DG
201812,W96013,,LLANDRINDOD WELLS MEDICAL CENT,SPA ROAD EAST,LLANDRINDOD WELLS,POWYS,LD1 5ES
201812,W92005,,THE SURGERY,CHURCH ROAD,NEW QUAY CEREDIGION,DYFED,SA45 9PB
201812,W92013,,MEDDYGFA'R SARN,12 HEOL Y MEINCIAU,PONTYATES LLANELLI,CARMARTHENSHIRE DYFED,SA15 5TR
201812,W92014,,MEDDYGFA'R LLAN,PORTLAND STREET,ABERYSTWYTH CEREDIGION,DYFED,SY23 2DX
201812,W92015,,THE HEALTH CENTRE,ROPEWALK,FISHGUARD PEMBROKESHIRE,DYFED,SA65 9BT
201812,W92018,,MEDDYGFA EMLYN,ADPAR,NEWCASTLE EMLYN CEREDIGION,DYFED,SA38 9NS
201812,W92035,,MEDDYGFA'R TYMBL,6 HEOL Y BRYN,UPPER TYMBLE LLANELLI,CARMARTHENSHIRE DYFED,SA14 6DP
201812,W92036,,BRYNTEG SURGERY,BRYNMAWR AVENUE,AMMANFORD CARMARTHENSHIRE,DYFED,SA18 2DA
201812,W92037,,AVENUE VILLA SURGERY,BRYNMOR ROAD,LLANELLI CARMARTHENSHIRE,DYFED,SA15 2TJ
201812,W92055,,LLANFAIR SURGERY,LLANFAIR ROAD,LLANDOVERY CARMARTHENSHIRE,DYFED,SA20 0HY
201812,W96438,,PRESTEIGNE HEALTH CENTRE,LUGG VIEW,PRESTEIGNE,POWYS,LD8 2RJ
201812,W91006,,PEN Y MAES HEALTH CENTRE,BEECH STREET,SUMMERHILL WREXHAM,CLWYD,LL11 4UF
201812,W91019,,THE SURGERY,GARDDEN ROAD,RHOSLLANERCHRUGOG WREXHAM,CLWYD,LL14 2EN
201812,W91020,,FORGE ROAD SURGERY,FORGE ROAD,SOUTHSEA WREXHAM,CLWYD,LL11 5RR
201812,W91027,,BRONYFFYNNON SURGERY,24 BRIDGE STREET,DENBIGH,DENBIGHSHIRE,LL16 3TH
201812,W91057,,MIDDLE LANE SURGERY,MIDDLE LANE,DENBIGH,DENBIGHSHIRE,LL16 3UW
201812,W91058,,HILLCREST MEDICAL CENTRE,86 HOLT ROAD,WREXHAM,CLWYD,LL13 8RG
201812,W91062,,BROAD STREET SURGERY,BROAD STREET,RHOSLLANERCHRUGOG,WREXHAM CLWYD,LL14 1RB
201812,W91610,,CAERGWRLE MEDICAL PRACTICE,39- 41 HIGH STREET,CAERGWRLE WREXHAM,FLINTSHIRE,LL12 9LG
201812,W91614,,CRANE MEDICAL CENTRE,CRANE STREET,CEFN MAWR WREXHAM,CLWYD,LL14 3AB
201812,W94003,,PLAS MENAI SURGERY,PENMAENMAWR ROAD,LLANFAIRFECHAN,CONWY,LL33 0PE
201812,W94012,,BRON SEIONT HAFAN IECHYD,VICTORIA DOCK BALACLAFA ROAD,CAERNARFON,GWYNEDD,LL55 1TH
201812,W94019,,CRAIG Y DON MEDICAL PRACTICE,CLARENCE ROAD,CRAIG Y DON LLANDUDNO,CONWY,LL30 1TA
201812,W94031,,BODREINALLT,CASTLE STREET,CONWY,CLWYD,LL32 8AT
201812,W94038,,MEDDYGFA VICTORIA,VICTORIA ROAD,HOLYHEAD,YNYS MON ,LL65 1UD
201812,W94042,,BODNANT,WATER STREET,PENYGROES,GWYNEDD,LL54 6LU
201812,W94043,,THE SURGERY,GWALCHMAI,HOLYHEAD,YNYS MON,LL65 4RS
201812,W94046,,MEDDYGFA GYFFIN,WOODLANDS,GYFFIN,CONWY,LL32 8LT
201812,W94633,,MEDDYGFA STAR SURGERY,STAR,GAERWEN,YNYS MON,LL60 6AH
201812,W98001,,PONTARDAWE PRIMARY CARE CENTRE,TAWE TERRACE,PONTARDAWE SWANSEA,WEST GLAMORGAN,SA8 4JU
201812,W00110,,LLANGOLLEN HEALTH CENTRE,REGENT STREET,LLANGOLLEN,DENBIGHSHIRE,LL20 8HL
201812,W93018,,ISCA MEDICAL CENTRE,CADOC HOUSE HIGH STREET,CAERLEON,GWENT,NP18 1AZ
201812,W93022,,TOWN GATE PRACTICE,CHEPSTOW COMMUNITY HOSPITAL,TEMPEST WAY CHEPSTOW,GWENT,NP16 5XP
201812,W93037,,THE SURGERY JAMES HOUSE,MARYPORT STREET,USK,GWENT,NP15 1AB
201812,W95006,,CALFARIA SURGERY,REGENT STREET,TREORCHY RHONDDA,MID GLAMORGAN,CF42 6PR
201812,W95007,,PORTH FARM SURGERY,PORTH STREET,PORTH RHONDDA,MID GLAMORGAN,CF39 9RR
201812,W95015,,HOREB SURGERY,HOREB STREET,TREORCHY RHONDDA,MID GLAMORGAN,CF42 6RU
201812,W95019,,TYLORSTOWN SURGERY,FERNDALE ROAD TYLORSTOWN,TYLORSTOWN RHONDDA,MID GLAMORGAN,CF43 3HB
201812,W95016,,CWMAMAN SURGERY,6-14 GLANAMAN ROAD,CWMAMAN  ABERDARE,MID GLAMORGAN,CF44 6HY
201812,W95025,,OLD SCHOOL SURGERY,SCHOOL STREET,PONTYCLUN,MID GLAMORGAN,CF72 9AA
201812,W97063,,4 CORPORATION ROAD,GRANGETOWN,CARDIFF,SOUTH GLAMORGAN,CF11 7AT
201812,W95292,,CWM GWYRDD MEDICAL CENTRE,HIGH STREET,GILFACH GOCH,MID GLAMORGAN,CF39 8SX
201812,W92044,,CARDIGAN HEALTH CENTRE,FEIDRFAIR,CARDIGAN CEREDIGION,DYFED,SA43 1EB
201812,W92053,,TREGARON SURGERY,SALOP HOUSE,TREGARON CEREDIGION,DYFED,SY25 6HA
201812,W92060,,NARBERTH & CLARBESTON RD PRACT,HEALTH CENTRE NORTHFIELD ROAD,NARBERTH PEMBROKESHIRE,DYFED,SA67 7AA
201812,W92061,,MEDDYGFA WDIG,MAIN STREET,GOODWICK,PEMBROKESHIRE DYFED,SA64 0BN
201812,W92063,,MEDDYGFA TYWI,STATION ROAD,NANTGAREDIG CARMARTHENSHIRE,DYFED,SA32 7LG
201812,W92064,,NEWPORT SURGERY,LONG STREET,NEWPORT PEMBROKESHIRE,DYFED,SA42 0TJ
201812,W92065,,ASHLEIGH SURGERY,NAPIER STREET,CARDIGAN CEREDIGION,DYFED,SA43 1ED
201812,W92610,,AMMAN VALLEY MEDICAL PRACTICE,GRAIG ROAD SURGERY,GWAUN CAE GURWEN,CARMARTHENSHIRE DYFED,SA18 1EG
201812,W92616,,2 MORFA LANE,CARMARTHEN,CARMARTHENSHIRE,DYFED,SA31 3AX
201812,W91043,,THE MEDICAL CENTRE,HIGH STREET,RUABON WREXHAM,CLWYD,LL14 6NH
201812,W91044,,LEESWOOD SURGERY,QUEEN STREET,LEESWOOD MOLD,FLINTSHIRE,CH7 4RQ
201812,W91050,,16 WYNN AVENUE,OLD COLWYN,COLWYN BAY,CLWYD,LL29 9RF
201812,W98007,,FFORESTFACH MEDICAL GROUP,118 RAVENHILL ROAD,FFORESTFACH,SWANSEA,SA5 5AA
201812,W98032,,FAIRFIELD MEDICAL CENTRE,PORT TALBOT RESOURCE CENTRE,MOOR ROAD NEATH,PORT TALBOT,SA12 7BJ
201812,W98033,,THE MUMBLES MEDICAL PRACTICE,10 WEST CROSS AVENUE,NORTON SWANSEA,WEST GLAMORGAN,SA3 5UA
201812,W98035,,RIVERSIDE SURGERY,PORT TALBOT RESOURCE CENTRE,MOOR ROAD NEATH PORT TALBOT,WEST GLAMORGAN,SA12 7BJ
201812,W98041,,KINGS SURGERY,PORT TALBOT RESOURCE CENTRE,MOOR ROAD NEATH,PORT TALBOT,SA12 7BJ
201812,W98049,,UPLANDS & MUMBLES SURGERY,48 SKETTY ROAD,UPLANDS SWANSEA,WEST GLAMORGAN,SA2 0LJ
201812,W98610,,COCKETT SURGERY,4 LON TEIFY,COCKETT SWANSEA,WEST GLAMORGAN,SA2 0YB
201812,W98619,,LLYSMEDDYG SURGERY,DEW ROAD SANDFIELD ESTATE,NEATH  PORT TALBOT,WEST GLAMORGAN,SA12 7HE
201812,W98627,,CWMAVON HEALTH CENTRE,PENLLYN CWMAVON,PORT TALBOT,WEST GLAMORGAN,SA12 9PY
201812,W95009,,LLYNFI SURGERY,LLYNFI ROAD,MAESTEG BRIDGEND,MID GLAMORGAN,CF34 9DT
201812,W95010,,OAK TREE SURGERY,WHITETHORN DRIVE,BRACKLA BRIDGEND,MID GLAMORGAN,CF31 2PQ
201812,W95018,,THE MEDICAL CENTRE,HEOL YR ONNEN,PENCOED BRIDGEND,MID GLAMORGAN,CF35 5PF
201812,W95041,,THE PORTWAY SURGERY,1 THE PORTWAY,PORTHCAWL BRIDGEND,MID GLAMORGAN,CF36 3XB
201812,W95052,,NANTYFFYLLON SURGERY,77 HIGH STREET,NANTYFFYLLON MAESTEG BRIDGEND,MID GLAMORGAN,CF34 0BT
201812,W95069,,NEWCASTLE SURGERY,LLANGEWYDD ROAD,CEFN GLAS BRIDGEND,MID GLAMORGAN,CF31 4XX
201812,W95645,,NANTYMOEL SURGERY,OGWY STREET,NANTYMOEL BRIDGEND,MID GLAMORGAN,CF32 7NA
201812,W98785,,ALFRED ST. PRIMARY CARE CENTRE,12-14 ALFRED STREET,NEATH PORT TALBOT,WEST GLAMORGAN,SA11 1EF
201812,W93071,,APARAJITA SURGERY,68 WORCESTER STREET,BRYNMAWR,GWENT,NP23 4EY
201812,W93643,,WYE DEAN PRACTICE,TINTERN SURGERY,THE OLD POLICE STATION TINTERN,CHEPSTOW GWENT,NP16 6SE
201812,W95004,,PONT NEWYDD MEDICAL CENTRE,ABERRHONDDA ROAD,PORTH RHONDDA CYNON TAF,MID GLAMORGAN,CF39 0LD
201812,W95072,,PONTCAE MEDICAL PRACTICE,DYNEVOR STREET,GEORGETOWN MERTHYR TYDFIL,MID GLAMORGAN,CF48 1YE
201812,W97029,,SALTMEAD MEDICAL CENTRE,107 CLARE ROAD,GRANGETOWN CARDIFF,SOUTH GLAMORGAN,CF11 6QQ
201812,W97041,,CRWYS MEDICAL CENTRE,WEDAL ROAD,HEATH CARDIFF,SOUTH GLAMORGAN,CF14 3QX
201812,W92019,,LLYNYFRAN SURGERY,LLYNYFRAN ROAD,LLANDYSUL CEREDIGION,DYFED,SA44 4JX
201812,W92022,,TANYFRON SURGERY,7-9 MARKET STREET,ABERAERON CEREDIGION,DYFED,SA46 0AS
201812,W92023,,MEDDYGFA TAF,NORTH ROAD,WHITLAND CARMARTHENSHIRE,DYFED,SA34 0AJ
201812,W92046,,COALBROOK SURGERY,COALBROOK ROAD,PONTYBEREM CARMARTHENSHIRE,DYFED,SA15 5HU
201812,W91022,,PLAS Y BRYN MEDICAL CENTRE,CHAPEL STREET,WREXHAM,CLWYD,LL13 7DE
201812,W94017,,THE SURGERY,CAE HETI,LLANBERIS,GWYNEDD,LL55 4SU
201812,W98016,,ST. THOMAS SURGERY,YSGOL STREET,ST. THOMAS SWANSEA,WEST GLAMORGAN,SA1 8LH
201812,W98039,,CLASE SURGERY,88 MYNYDD GARNLWYD ROAD,CLASE SWANSEA,WEST GLAMORGAN,SA6 7NZ
201812,W95031,,CWM GARW PRACTICE,VICTORIA STREET,PONTYCYMMER BRIDGEND,MID GLAMORGAN,CF32 8NN
201812,W95070,,ASHFIELD SURGERY,MERTHYRMAWR ROAD,BRIDGEND,MID GLAMORGAN,CF31 3NW
201812,W95065,,OAKFIELD SURGERY,OAKFIELD STREET,YSTRAD MYNACH HENGOED,MID GLAMORGAN,CF82 7WX
201812,W00117,,HOME ENHANCED CARE SERVICE,ROYAL ALEXANDRA HOSPITAL,MARINE DRIVE,RHYL,LL18 3AS
201812,W00119,,KNOX ROAD,CARDIFF,,,CF24 0UG
201812,W00120,,200 OYSTERMOUTH ROAD,SWANSEA,,,SA1 3SR
201812,W00121,,HEOL HOPCYN JOHN,BRIDGEND,,,CF35 6AP
201812,W00123,,OUT OF HOURS SERVICE,VALE OF GLAMORGAN,BARRY LEISURE CENTRE,BARRY,CF63 4RU
201812,W93024,,OAK STREET SURGERY,OAK STREET,CWMBRAN,GWENT,NP44 3LT
201812,W98029,,SWAY RD SURGERY,65 SWAY ROAD,MORRISTON SWANSEA,WEST GLAMORGAN,SA6 6JA
201812,W97038,,COWBRIDGE & VALE MEDICAL PRACT,COWBRIDGE HEALTH CENTRE,THE BROAD SHROAD COWBRIDGE,VALE OF GLAMORGAN,CF71 7DA
201812,W00054,,WEST QUAY MEDICAL CENTRE,HOOD ROAD,BARRY,SOUTH GLAMORGAN,CF62 5QN
201812,W00125,,OUT OF HOURS SERVICE,CARDIFF ROYAL INFIRMARY,LONGCROSS STREET,CARDIFF,CF24 0SZ
201812,W00060,,SMS ANGLESEY,ISCRAIG CLINIC,LON NEWYDD LLANGEFNI,YNYS MON,LL77 7PS
201812,W95049,,NANTGARW ROAD MEDICAL CENTRE,4 BEDDAU WAY,CAERPHILLY,,CF83 2AX
201812,W96446,,KALEIDISCOPE,SEVERN HOUSE,SEVERN SQUARE,NEWTOWN POWYS,SY16 2AG
201812,W93012,,PONTLLANFRAITH HEALTH CENTRE,BLACKWOOD ROAD,PONTLLANFRAITH BLACKWOOD,GWENT,NP12 2YU
201812,W95038,,PENRHIWCEIBER MEDICAL CENTRE,PENRHIWCEIBER ROAD,MOUNTAIN ASH RHONDDA CYNON TAF,MID GLAMORGAN,CF45 3SQ
201812,W95039,,PANT SURGERY,57 ABERDARE ROAD,CWMBACH ABERDARE,MID GLAMORGAN,CF44 0HL
201812,W95045,,TONYPANDY HEALTH CENTRE,DE WINTON FIELD,TONYPANDY,MID GLAMORGAN,CF40 2LE
201812,W95047,,PARC SURGERY,WINDSOR STREET,TRECYNON ABERDARE,MID GLAMORGAN,CF44 8LL
201812,W95054,,FOREST VIEW MEDICAL CENTRE,ABERGORKI INDUSTRIAL ESTATE,TREORCHY RHONDDA,MID GLAMORGAN,CF42 6DL
201812,W97066,,THE FAMILY PRACTICE,75 CARDIFF ROAD,DINAS POWYS VALE OF GLAMORGAN,SOUTH GLAMORGAN,CF64 4JT
201812,W97296,,MEDDYGFA CANNA SURGERY,27 WYNDHAM CRESCENT,CANTON CARDIFF,SOUTH GLAMORGAN,CF11 9EE
201812,W97299,,CLARE ROAD MEDICAL CENTRE,148 CLARE ROAD,GRANGETOWN CARDIFF,SOUTH GLAMORGAN,CF11 6RW
201812,W92003,,MEDDYGFA MINAFON,KIDWELLY,CARMARTHENSHIRE,DYFED,SA17 4UL
201812,W00067,,ARGYLE MEDICAL GROUP,ARGYLE STREET,PEMBROKE DOCK,PEMBROKESHIRE DYFED,SA72 6HL
201812,W95063,,HEATHBRIDGE HOUSE,1A PISGAH STREET,KENFIG HILL BRIDGEND,MID GLAMORGAN,CF33 6BY
201812,W94005,,MEDDYGFA,FFORDD GETHIN PENTRE DU,BETWS Y COED,ABERCONWY,LL24 0BP
201812,W00065,,UWCHALED MEDICAL PRACTICE,MEDDYGFA,CERRIGYDRUDION NR CORWEN,CONWY,LL21 9UB
201812,W98006,,CASTLE SURGERY,1 PRINCE OF WALES DRIVE,NEATH PORT TALBOT,WEST GLAMORGAN,SA11 3EW
201812,W98010,,SKEWEN MEDICAL CENTRE,QUEENS ROAD,SKEWEN  NEATH PORT TALBOT,WEST GLAMORGAN,SA10 6UH
201812,W98036,,VICTORIA GARDENS SURGERY,VICTORIA GARDENS,NEATH PORT TALBOT,WEST GLAMORGAN,SA11 1HW
201812,W98038,,BRITON FERRY HEALTH CENTRE,HUNTER STREET,BRITON FERRY NEATH PORT TALBOT,WEST GLAMORGAN,SA11 2SF
201812,W98045,,GOWER MEDICAL PRACTICE,MONKSLAND ROAD,SCURLAGE REYNOLDSTON,SWANSEA,SA3 1AY
201812,W93061,,THE ROGERSTONE PRACTICE,CHAPELWOOD PRIMARY CARE CENTRE,WESTERN VALLEY RD ROGERSTONE,NEWPORT GWENT,NP10 9DU
201812,W97001,,WEST QUAY MEDICAL CENTRE,HOOD ROAD,BARRY,SOUTH GLAMORGAN,CF62 5QN
201812,W97048,,FOUR ELMS MEDICAL CENTRE,STIRLING CLOSE,FFORDD PENGAM PENGAM GREEN,CARDIFF,CF24 2HB
201812,W00037,,ABMU GP OOH SERVICE,C/O THE GROVE MEDICAL CENTRE,6 UPLANDS TERRACE,SWANSEA,SA2 0GU
201812,W00056,,DERMATOLOGY CLINIC,BORTH SURGERY,HIGH STREET,BORTH,SY24 5JE
201812,W92050,,ST PETER'S SURGERY,ST PETER'S STREET,CARMARTHEN CARMARTHENSHIRE,DYFED,SA31 1AH
201812,W00102,,ALTERNATIVE PRIMARY HEALTHCARE,PONT NEWYDD MEDICAL CENTRE,ABERRHONDDA ROAD PORTH,RHONDDA CYNON TAFF,CF39 0LD
201812,W96445,,KALEIDOSCOPE THE MANSE,47 COMMERCIAL STREET,YSTRADGYNLAIS,POWYS,SA9 1JH
201812,W94010,,BODNANT SURGERY,MENAI AVENUE,BANGOR,GWYNEDD,LL57 2HH
201812,W97061,,GRANGE MEDICAL PRACTICE,BISHOP STREET,GRANGETOWN,CARDIFF,CF11 6PG
201812,W92008,,BARLOW HOUSE SURGERY,MANCHESTER SQUARE HEALTHCENTRE,MANCHESTER SQUARE,MILFORD HAVEN,SA73 2JW
201812,W00135,,Continence Service,Montgomery County Infirmary,Llanfair Road  Newtown,POWYS,SY16 2DW
201812,W00137,,Continence Service,Montgomery County Infirmary,Llanfair Road  Newtown,POWYS,SY16 2DW
201812,W93033,,OLD STATION SURGERY,BRECON ROAD,ABERGAVENNY,GWENT,NP7 5UH
201812,W93054,,ST DAVID'S CLINIC,BELLEVUE TERRACE,NEWPORT,GWENT,NP20 2LB
201812,W93056,,CHURCHWOOD SURGERY,PONTYPOOL MEDICAL CENTRE,OFF TOWN BRIDGE PONTYPOOL,GWENT,NP4 6DH
201812,W93614,,PENGAM HEALTH CENTRE,GLAN YR AFON LANE,FLEUR DE LIS BLACKWOOD,GWENT,NP12 3WA
201812,W93623,,PEN-Y-CAE SURGERY,THE HEALTH CENTRE,BRIDGE STREET EBBW VALE,GWENT,NP23 6EY
201812,W95068,,BRYNTIRION SURGERY,WEST STREET,BARGOED,MID GLAMORGAN,CF81 8SA
201812,W97015,,NORTH CARDIFF MEDICAL CENTRE,EXCALIBUR DRIVE,THORNHILL CARDIFF,SOUTH GLAMORGAN,CF14 9BB
201812,W97032,,THE WATERFRONT MEDICAL CENTRE,HEOL Y LLONGAU,BARRY VALE OF GLAMORGAN,SOUTH GLAMORGAN,CF63 4AR
201812,W97059,,MEDDYGFA LLWYNCELYN PRACTICE,PARK ROAD SURGERY PARK ROAD,WHITCHURCH CARDIFF,SOUTH GLAMORGAN,CF14 7EZ
201812,W97060,,CLIFTON SURGERY,151-153 NEWPORT ROAD,ROATH CARDIFF,SOUTH GLAMORGAN,CF24 1AG
201812,W96004,,WYLCWM STREET SURGERY,WYLCWM STREET,KNIGHTON,POWYS,LD7 1AD
201812,W96010,,WELSHPOOL HEALTH CENTRE,SALOP ROAD,WELSHPOOL,POWYS,SY21 7BA
201812,W92002,,SAINT THOMAS SURGERY,RIFLEMAN LANE,SAINT THOMAS GREEN,HAVERFORDWEST  PEMBROKESHIRE,SA61 1QX
201812,W92051,,MEDDYGFA PENYGROES,BRIDGE STREET,PENYGROES LLANELLI,CARMARTHENSHIRE DYFED,SA14 7RP
201812,W92052,,TY ELLI GROUP PRACTICE,TY ELLI SURGERY,VAUXHALL LLANELLI,CARMARTHENSHIRE DYFED,SA15 3BD
201812,W91036,,SHOTTON LANE SURGERY,38 SHOTTON LANE,SHOTTON DEESIDE,FLINTSHIRE,CH5 1QT
201812,W94001,,MOSTYN HOUSE MEDICAL PRACTICE,MOSTYN BROADWAY,LLANDUDNO,CONWY,LL30 1YL
201812,W94014,,LONGFORD HOUSE SURGERY,LONGFORD ROAD,HOLYHEAD,YNYS MON,LL65 1TR
201812,W00126,,CRI GWENT DRR,35 GODFREY ROAD,NEWPORT,,NP20 4PE
201812,W95023,,PRACTICE 1,KEIR HARDIE HEALTH PARK,ABERDARE ROAD,MERTHYR TYDFIL,CF48 1BZ
201812,W95005,,PRACTICE 3,KEIR HARDIE HEALTH PARK,ABERDARE ROAD,MERTHYR TYDFIL,CF48 1BZ
201812,W95647,,PRACTICE 2,KEIR HARDIE HEALTH PARK,ABERDARE ROAD,MERTHYR TYDFIL,CF48 1BZ
201812,W92041,,THE ROBERT STREET PRACTICE,MANCHESTER SQUARE HEALTHCENTRE,MANCHESTER SQUARE,PEMBROKESHIRE,SA73 2JW
201812,W93007,,CWM CALON,THE BRIDGE CENTRE,FOUNDRY BRIDGE,ABERTILLERY,NP13 1BQ
201812,W00115,,TREM Y MOR,BETTWS ROAD,BETTWS,BRIDGEND,CF32 8UN
201812,W92045,,BRO PEDR MEDICAL GROUP,BRYNMEDDYG SURGERY,LLANYBYDDER,CARMARTHENSHIRE,SA40 9RN
201812,W92039,,BRO PEDR MEDICAL GROUP,TALIESYN SURGERY,TALIESYN COURT,LAMPETER ,SA48 7AA
201812,W00118,,USK and PRESCOED,COEDYPAEN,PONTYPOOL,,NP4 0TB
201812,W92054,,OXFORD STREET SURGERY,ABERAERON,CEREDIGION,DYFED,SA46 0JB
201812,W00141,,ROSEDALE MEDICAL PRACTICE,PORT TALBOT RESOURCE CENTRE,MOOR ROAD,PORT TALBOT,SA12 7BJ
201812,W00019,,NORTH WALES GP OOH SERVICE,Deeside Community Hospital,Plough Lane,SHOTTON    FLINTSHIRE,CH5 1XS
201812,W00084,,North Wales GP OOH Service,Wrexham Maelor Hospital,Croesnewydd Road,WREXHAM    ,LL13 7TD
201812,W95089,,WHITE ROSE MEDICAL CENTRE,WHITE ROSE WAY,NEW TREDEGAR,GWENT,NP24 6EE
201812,W95021,,WHITE ROSE MEDICAL CENTRE,WHITE ROSE WAY,NEW TREDEGAR,GWENT,NP24 6EE
201812,W92441,,PEMBROKE DRS ON CALL,LAW ST SURGERY,49-53 LAW STREET,PEMBROKE DOCK,SA72 6DJ
201812,W94637,,ST DAVIDS HOSPICE,ABBEY ROAD,LLANDUDNO,CONWY,LL30 2EN
201812,W91051,,QUEENSFERRY MEDICAL PRACTICE,PIERCE STREET,QUEENSFERRY,FLINTSHIRE,CH5 1SY
201812,W91634,,12 HIGH STREET,CAERGWRLE,,FLINTSHIRE,LL12 9ET
201812,W98790,,SWANSEA ASYLUM SEEKERS HEALTH,CENTRAL CLINIC,21 ORCHARD STREET,SWANSEA,SA1 5BE
201812,W00003,,VOG LHB,2 STANWELL ROAD,PENARTH,VALE OF GLAMORGAN,CF64 2AA
201812,W00006,,BETTWS HEALTH CENTRE,MONNOW WAY,BETTWS,NEWPORT,NP20 7TD
201812,W00008,,CLWYDIAN HOUSE,ARCHIMEDES CENTRE,WREXHAM,MOLD FLINTSHIRE,LL13 7YP
201812,W00014,,MOUNTAIN ASH HOSPITAL,DUFFRYN ROAD,MOUNTAIN ASH,MID GLAMORGAN,CF45 4DE
201812,W00015,,LHB HEADQUARTERS,MANSION HOUSE,BRONLLYS,BRECON POWYS,LD3 0LS
201812,W93044,,THE RUGBY SURGERY,5 KELVEDON STREET,NEWPORT,GWENT,NP19 0DW
201812,W00004,,North Court,David Street,Bridgend Ind Estate,Bridgend,CF31 3TP
201812,W91032,,ALLT GOCH MEDICAL CENTRE,LON Y BECWS,FLINT,FLINTSHIRE,CH6 5UZ
201812,W00018,,MONMOUTH LHB,CHEPSTOW COMMUNITY HOSPITAL,TEMPEST WAY,CHEPSTOW,NP16 5YX
201812,W00028,,MEMETZ WARD,CARDIFF ROYAL INFIRMARY,NEWPORT ROAD,CARDIFF,CF24 0SZ
201812,W00032,,C & D OOH Centre,Glan Clwyd Hospital,Bodelwyddan  Rhyl,DENBIGHSHIRE,LL18 5UJ
201812,W00033,,ERYLDON,CAMPBELL ROAD,CAERNARFON,GWYNEDD,LL55 1HU
201812,W00040,,THYSSEN HOUSE,HEOL Y BWLCH  BYNEA,LLANELLI,CARMARTHENSHIRE,SA14 9SU
201812,W97297,,CARDIFF SAFEHAVEN,MAMETZ WARD  C. R. I.,LONGCROSS STREET,CARDIFF,CF24 0SZ
201812,W00025,,PRIMECARE,12 CATHEDRAL ROAD,CARDIFF,,CF11 9LJ
201812,W00041,,UNIT 4 MERLINS COURT,WINCH LANE,HAVERFORDWEST,PEMBROKESHIRE,SA61 1SB
201812,W00044,,CAERPHILLY LHB,YSTRAD MYNACH HOSPITAL,CAERPHILLY ROAD,YSTRAD MYNACH,CF82 7XQ
201812,W00045,,LLANDRINDOD WELLS CLINIC,GWALIA ANNEX  ITHON ROAD ,LLANDRINDOD WELLS,POWYS,LD1 6AS
201812,W93051,,MALPAS BROOK HEALTH CENTRE,107 MALPAS ROAD,NEWPORT,GWENT,NP20 5PJ
201812,W00043,,LOCAL ENHANCED SERVICE,139 LOWER DOCK STREET,NEWPORT,,NP20 1EE
201812,W00047,,GWYNEDD LHB,ERYLDON CAMPBELL ROAD,CAERNARFON,GWYNEDD,LL55 1HU
201812,W00049,,W W SUBSTANCE MISUSE SERVICE,PENLAN,PENLAN ROAD,CARMARTHEN,SA31 1DN
201812,W00052,,THE DAWN CENTRE ,35-37 PRINCESS DRIVE ,COLWYN BAY ,CONWY  N.WALES.,LL29 8PD
201812,W00055,,CARDIFF HEALTH ACCESS TEAM,CARDIFF ROYAL INFIRMARY,LONGCROSS STREET,ROATH CARDIFF,CF24 0SZ
201812,W00062,,PRINCES PARK,PRINCES DRIVE,COLWYN BAY,CONWAY,LL29 8PL
201812,W94636,,LHB MANAGED PRACTICE,PADESWOOD ROAD,BUCKLEY,FLINTSHIRE,CH7 2JL
201812,W94026,,CAMBRIA SURGERY,UCHELDRE AVENUE,HOLYHEAD,YNYS MON,LL65 1RA
201812,W00066,,KINGS ROAD SURGERY,2/4 KINGS ROAD,MUMBLES SWANSEA,WEST GLAMORGAN,SA3 4AJ
201812,W91047,,THE HEALTH CENTRE,GREEN LANE,CORWEN,DENBIGHSHIRE,LL21 0DN
201812,W94034,,BRON DERW MEDICAL CENTRE,GLYNNE ROAD,BANGOR,GWYNEDD,LL57 1AH
201812,W00017,,VALE CLINIC,SULLY SURGERY,SOUTH ROAD,SULLY,CF64 5TG
201812,W00035,,PENDINE PARK NURSING HOME,SUMMERHILL ROAD,SUMMERHILL,WREXHAM,LL11 4YE
201812,W00027,,PRIMECARE,12 CATHEDRAL ROAD,CARDIFF,,CF11 9LJ
201812,W00026,,PRIMECARE,12 CATHEDRAL ROAD,CARDIFF,,CF11 9LJ
201812,W91028,,PARK HOUSE SURGERY,26 NANT HALL ROAD,PRESTATYN,DENBIGHSHIRE,LL19 9LN
201812,W92030,,ADFER MEDICAL GROUP,LLANELLI TOWN CENTRE,THOMAS STREET,LLANELLI,SA15 3JH
201812,W93638,,THE BRIDGE CENTRE,FOUNDRY BRIDGE,ABERTILLERY,GWENT,NP13 1BQ
201812,W00046,,BRECON CLINIC,9 CASTLE STREET,BRECON,POWYS,LD3 9DD
201812,W00074,,17 HIGH STREET,LLANGEFNI,YNYS MON,,LL77 7LT
201812,W92029,,THE MARINERS,GLANYRAFON,FERRYSIDE,DYFED,SA17 1SG
201812,W95035,,RIVERSDALE HOUSE,MERTHYRMAWR ROAD,BRIDGEND,MID GLAMORGAN,CF31 3NL
201812,W00085,,DRUGAID,4 - 9 THE BROADWAY,PONTYPRIDD,,CF37 1BA
201812,W00069,,GPWSI CONSORTIUM,BLAEN-Y-CWM SURGERY,BLAINA ROAD,BRYNMAWR,NP23 4PS
201812,W00029,,Bronglais General Hosp.,Caradog Road,Aberystwyth,Dyfed,SY23 1ER
201812,W00050,,TREATMENT CENTRE,RUSSELL STREET,SWANSEA,,SA1 4HR
201812,W00075,,ERYLDON,CAMPBELL ROAD,CAERNARFON,GWYNEDD,LL55 1HU
201812,W00070,,GLYN COLWYN,19 NANT-Y-GLYN ROAD,COLWYN BAY,,LL29 7PU
201812,W91615,,LAKESIDE MEDICAL CENTRE,203 WELLINGTON ROAD,RHYL,DENBIGHSHIRE,LL18 1LR
201812,W00083,,THE OLD SURGERY CLINIC,67 THORNHILL ROAD,RHIWBINA,CARDIFF,CF14 6PE
201812,W91624,,BERLLAN SURGERY,24 VALE STREET,DENBIGH,DENBIGHSHIRE,LL16 3BL
201812,W91636,,PANTON SURGERY,HALKYN ROAD,HOLYWELL,FLINTSHIRE,CH8 7TZ
201812,W00088,,GP SPECIAL INTEREST,BLAEN-Y-CWM SURGERY,BLAINA ROAD,BRYNMAWR,NP23 4PS
201812,W00090,,CRYMYCH SURGERY OOH,UNIT 5 MERLINS COURT,WINCH LANE,HAVERFORDWEST,SA61 1SB
201812,W00078,,ALTERNATIVE P C SERV DOCTOR,CWMBRAN HOUSE,MAMHILAD PARK ESTATE,PONTYPOOL,NP4 0XS
201812,W00093,,MEDDYGFA MINAFON,KIDWELLY,DYFED,,SA17 4UL
201812,W00022,,GWENT HEALTHCARE TRUST,VANTAGE POINT HOUSE,TY COCH INDUSTRIAL ESTATE,CWMBRAN,NP44 7XX
201812,W00094,,PRIMECARE,12 CATHEDRAL ROAD,CARDIFF,,CF11 9LJ
201812,W92031,,MEDDYGFA TYWYN BACH,PARCYMINOS STREET,BURRY PORT,CARMARTHENSHIRE,SA16 0BN
201812,W92049,,THE SURGERY,DIMOND STREET EAST,PEMBROKE DOCK,DYFED,SA72 6HA
201812,W92062,,NEWPORT SURGERY,LONG STREET,NEWPORT,DYFED,SA42 0TJ
201812,W92615,,THE SURGERY,CAERLUDD,CRYMYCH,DYFED,SA41 3QE
201812,W92640,,THE HEALTH CENTRE,OBSERVATORY AVENUE,HAKIN MILFORD HAVEN,DYFED,SA73 3EU
201812,W93699,,DYFED POWYS H A,ST. DAVID'S HOSPITAL,CARMARTHEN,DYFED,SA31 3HB
201812,W92434,,DERWENDEG MEDICAL CENTRE,19 HEOL LLANELLI,TRIMSARAN,CARMARTHENSHIRE,SA17 4AG
201812,W92435,,DOLYCWRT SURGERY,WHITLAND,CARMARTHENSHIRE,DYFED,SA34 0PZ
201812,W00011,,ST. DAVIDS HOSPITAL,CARMARTHEN,DYFED,,SA31 3HB
201812,W92439,,NEYLAND HEALTH CENTRE,CHARLES STREET,NEYLAND,DYFED,SA73 1SA
201812,W91001,,HEALTH CENTRE,PADESWOOD ROAD,BUCKLEY,FLINTSHIRE,CH7 2JL
201812,W91002,,PLAS MEDDYG,STATION ROAD,RUTHIN,DENBIGHSHIRE,LL15 1BP
201812,W91008,,MEDDYGFA,CERRIGYDRUDION,CORWEN,ABERCONWY,LL21 9UB
201812,W91014,,KINMEL BAY MEDICAL CENTRE,THE SQUARE,KINMEL BAY RHYL,DENBIGHSHIRE,LL18 5AU
201812,W91017,,PENDRE SURGERY,CLAYTON ROAD,MOLD,FLINTSHIRE,CH7 1SS
201812,W91021,,MARCHES MEDICAL PRACTICE,83 MAIN ROAD,BROUGHTON NR. CHESTER,FLINTSHIRE,CH4 0NR
201812,W91023,,PEN Y BONT SURGERY,THE ROE,ST ASAPH,DENBIGHSHIRE,LL17 0LU
201812,W91029,,BODOWEN SURGERY,HALKYN ROAD,HOLYWELL,FLINTSHIRE,CH8 7GA
201812,W91034,,THE CLINIC,MOUNT STREET,RUTHIN,DENBIGHSHIRE,LL15 1BG
201812,W91037,,PENNANT SURGERY,OFF HIGH STREET,HOLYWELL,FLINTSHIRE,CH8 7TR
201812,W91045,,99 GRANGE ROAD,RHYL,DENBIGHSHIRE,,LL18 4DA
201812,W91052,,MAES Y VAYNOR,KING STREET,MOLD,FLINTSHIRE,CH7 1LA
201812,W91053,,MADRYN HOUSE SURGERY,6 MADRYN AVENUE,RHYL,DENBIGHSHIRE,LL18 4RS
201812,W91054,,BORRAS PARK SURGERY,BORRAS PARK ROAD,WREXHAM,CLWYD,LL12 7TH
201812,W91605,,MELBOURNE HOUSE,HIGH STREET,RHOSLLANERCHRUGOG,WREXHAM,LL14 1AW
201812,W91613,,GLASFRYN,LLANFAIRTALHAIARN,ABERGELE,ABERCONWY,LL22 8SN
201812,W91622,,KINGS HOUSE SURGERY,KINGS AVENUE,RHYL,DENBIGHSHIRE,LL18 1LT
201812,W91626,,BROMFIELD MEDICAL CENTRE,SEALMART HOUSE,BRYNHILYN LANE  MOLD,FLINTSHIRE,CH7 1JY
201812,W91630,,RHOS SURGERY,46 RHOS ROAD,RHOS ON SEA,ABERCONWY,LL28 4RS
201812,W94571,,NIGHTINGALE HOUSE HOSPICE,CHESTER ROAD,WREXHAM,,LL11 2SJ
201812,W94006,,PARC GLAS,BODORGAN,YNYS MON,,LL62 5NL
201812,W94008,,MINFOR SURGERY,PARK ROAD,BARMOUTH,GWYNEDD,LL42 1PL
201812,W94011,,TREFLAN,LOWER CARDIFF ROAD,PWLLHELI,GWYNEDD,LL53 5NF
201812,W98023,,THE GROVE MEDICAL CENTRE,6 UPLANDS TERRACE,UPLANDS,SWANSEA,SA2 0GU
201812,W98024,,BRUNSWICK HEALTH CENTRE,139-140 SAINT HELENS RD.,SWANSEA,WEST GLAMORGAN,SA1 4DE
201812,W98026,,NEW CROSS SURGERY,48 SWAY ROAD,MORRISTON SWANSEA,WEST GLAMORGAN,SA6 6HR
201812,W98055,,KINGS ROAD SURGERY,2/4 KINGS ROAD,MUMBLES SWANSEA,WEST GLAMORGAN,SA3 4AJ
201812,W98602,,MEDICAL CENTRE,UNIVERSITY COLLEGE,SINGLETON PARK,SWANSEA WEST GLAMORGAN,SA2 8PX
201812,W98609,,THE SURGERY,89 ABERDYBERTHI STREET,HAFOD SWANSEA,WEST GLAMORGAN,SA1 2NH
201812,W98612,,CHERITON MEDICAL CENTRE,CHERITON CRESCENT,PORTMEAD SWANSEA,WEST GLAMORGAN,SA5 5LB
201812,W98625,,THE POPLARS SURGERY,28 VIVIAN PARK DRIVE,PORT TALBOT,WEST GLAMORGAN,SA12 6RT
201812,W98626,,BONYMAEN SURGERY,21 MANSEL ROAD,BONYMAEN SWANSEA,WEST GLAMORGAN,SA1 7AU
201812,W95034,,THE SURGERY,HEOL FACH,NORTH CORNELLY BRIDGEND,MID GLAMORGAN,CF33 4LD
201812,W95037,,TYNYCOED SURGERY,20 MERFIELD CLOSE,BRYNCETHIN BRIDGEND,MID GLAMORGAN,CF32 9SW
201812,W98059,,PSALT SURGERY,41 HIGH STREET,SWANSEA,WEST GLAMORGAN,SA1 1LT
201812,W95699,,MORGANNWG H A,41 HIGH STREET,SWANSEA,WEST GLAMORGAN,SA1 1LT
201812,W98786,,ST.JAMES MEDICAL CENTRE,9 HERBERT STREET,PONTARDAWE,WEST GLAMORGAN,SA8 4EB
201812,W00013,,41 HIGH STREET,SWANSEA,WEST GLAMORGAN,,SA1 1LT
201812,W98789,,2 CILONNEN ROAD,THREE CROSSES,SWANSEA,,SA4 3PH
201812,W93030,,GREENMEADOW SURGERY,GREENMEADOW WAY,CWMBRAN,GWENT,NP44 3XQ
201812,W93031,,PANTEG HEALTH CENTRE,KEMYS STREET,GRIFFITHSTOWN PONTYPOOL,GWENT,NP4 5DJ
201812,W93035,,GLYN EBWY SURGERY,JAMES STREET,EBBW VALE,GWENT,NP23 6JG
201812,W93040,,PARK SURGERY,375 CHEPSTOW ROAD,NEWPORT,GWENT,NP19 8HL
201812,W93041,,CENTRAL SURGERY,NORTH STREET,NEWPORT,GWENT,NP20 1HX
201812,W93042,,UNDERWOOD HEALTH CENTRE,BIRCH GROVE,LLANMARTIN NEWPORT,GWENT,NP18 2HX
201812,W93043,,RICHMOND CLINIC,172 CAERLEON ROAD,NEWPORT,GWENT,NP19 7FY
201812,W93045,,GRANGE CLINIC,WESTFIELD AVENUE,MALPAS NEWPORT,GWENT,NP20 6EY
201812,W93046,,BRYNGWYN SURGERY,4 BRYNGWYN ROAD,NEWPORT,GWENT,NP20 4JS
201812,W93048,,BELLEVUE SURGERY,BELLEVUE TERRACE,NEWPORT,GWENT,NP20 2WQ
201812,W93049,,ST JULIANS MEDICAL CENTRE,13a STAFFORD ROAD,NEWPORT,GWENT,NP19 7DQ
201812,W92443,,DERMATOLOGY CLINIC,BRYNMEDDYG SURGERY,LLANYBYDDER,,OO00 0OO
201812,W94021,,THE HEALTH CENTRE,CRICCIETH,GWYNEDD,,LL52 0RR
201812,W98009,,HEALTH CENTRE,RESOLVEN,NEATH,WEST GLAMORGAN,SA11 4LL
201812,W94025,,MEDDYGFA RHYDBACH,BOTWNNOG,PWLLHELI,GWYNEDD,LL53 8RE
201812,W94029,,COED Y GLYN SURGERY,CHURCH STREET,LLANGEFNI,YNYS MON,LL77 7DU
201812,W94033,,LLYS MEDDYG,VICTORIA ROAD,PENYGROES,GWYNEDD,LL54 6HD
201812,W94035,,MEDDYGFA,CANOLFAN IECHYD,BALA,GWYNEDD,LL23 7BA
201812,W94040,,GLANFA,ORME ROAD,BANGOR,GWYNEDD,LL57 1AY
201812,W94045,,BERWYN,PORTHDAFARCH ROAD,KINGSLAND HOLYHEAD,YNYS MON,LL65 2SA
201812,W94602,,BRYNMEILLION,HARLECH,GWYNEDD,,LL46 2SW
201812,W94605,,64 HIGH STREET,PORTHMADOG,GWYNEDD,,LL49 9LW
201812,W94609,,CORWEN HOUSE,MARKET PLACE,PENYGROES,GWYNEDD,LL54 6NN
201812,W94615,,MADOC SURGERY,HIGH STREET,PORTHMADOG,GWYNEDD,LL49 9HD
201812,W94618,,DOLWENITH,SNOWDON STREET,PENYGROES,GWYNEDD,LL54 6NG
201812,W94621,,BANGOR MEDICAL CENTRE,BRYN HYDD,HOLYHEAD ROAD,BANGOR  GWYNEDD,LL57 2EE
201812,W91012,,THE CLINIC,ROWLEY'S DRIVE,SHOTTON DEESIDE,CLWYD,CH5 1PU
201812,W91697,,CLWYD F.H.S.A.,TRINITY HOUSE,TRINITY STREET WREXHAM,CLWYD,LL11 1NW
201812,W94699,,NORTH WALES H A,PRESWYLFA,HENDY ROAD,MOLD FLINTSHIRE,CH7 1PZ
201812,W94628,,ST. TYSILIO NURSING HOME,LLANFAIRPWLL,GWYNEDD,,LL61 5YR
201812,W00012,,PRESWYLFA,HENDY ROAD,MOLD,CLWYD,CH7 1PZ
201812,W91638,,HM STANLEY HOSPITAL,ST ASAPH,DENBIGHSHIRE, ,LL17 0RS
201812,W91635,,TYN Y COED SURGERY,61 CONWAY ROAD,COLWYN BAY,CONWY,LL29 7LG
201812,W92444,,CARMARTHENSHIRE DRS ON CALL,MEDDYGFA TAF,NORTH ROAD,WHITLAND CARMARTHENSHIRE,SA34 0AU
201812,W95298,,ALTERNATIVE PRIMARY HEALTHCARE,PONTYPRIDD POLICE STATION,BERW ROAD,PONTYPRIDD,CF37 2TR
201812,W00048,,WREXHAM LOCAL HEALTH BOARD,WREXHAM TECHNOLOGY PARK,RHYD BROUGHTON LANE,WREXHAM,LL13 7YP
201812,W00053,,KALEIDDOSCOPE PROJECT,THE OLD SCHOOL BUILDING,POWELLS PLACE,NEWPORT,NP20 1EL
201812,W98044,,STRAWBERRY PLACE SURGERY,5 STRAWBERRY PLACE,MORRISTON,SWANSEA,SA6 7AG
201812,W93608,,NANTYGLO,QUEEN STREET,NANTYGLO BLAINA,GWENT,NP23 4LW
201812,W91639,,ST KENTIGERN HOSPICE,UPPER DENBIGH ROAD,ST ASAPH,DENBIGHSHIRE,LL17 0RS
201812,W97300,,ALTERNATIVE PRIMARY HEALTHCARE,BARRY POLICE STATION,GLADSTONE ROAD,BARRY,CF63 1TD
201812,W93609,,THE BRIDGE STREET CENTRE,FOUNDRY BRIDGE,ABERTILLERY,GWENT,NP13 1BQ
201812,W00072,,TY LIVINGSTONE,HM STANLEY HOSPITAL,ST ASAPH,DENBIGHSHIRE,LL17 0RS
201812,W00073,,WREXHAM LOCAL HEALTH BOARD,WREXHAM TECHNOLOGY PARK,RHYD BROUGHTON LANE,WREXHAM,LL13 7YP
201812,W00001,,PRIMECARE,SCHOONER WAY,QUAY WEST QUAY PARADE,SWANSEA,SA1 1SR
201812,W00068,,DARES UNIT,Llwynypia Hospital,Llwynypia,RHONDDA CYNON TAFF,CF40 2LX
201812,W93116,,ST. BRIDES MEDICAL CENTRE,TREDEGAR HOUSE DRIVE,DUFFRYN NEWPORT,GWENT,NP10 8UX
201812,W92016,,FURNACE HOUSE SURGERY,ST. ANDREWS ROAD,CARMARTHEN,CARMARTHENSHIRE,SA31 1EX
201812,W00087,,CARDIFF HEALTH ACCESS PRACTICE,OUT PATIENTS DEPT.  C R I,LONGCROSS STREET,CARDIFF,CF24 0SZ
201812,W00091,,CARDIFF ROYAL INFIRMARY,GLOSSOP TERRACE,CARDIFF,,CF24 0SZ
201812,W98013,,TALYBONT SURGERY,STATION ROAD,PONTARDULAIS SWANSEA,WEST GLAMORGAN,SA4 8TJ
201812,W00042,,UNIT A,3 LONGBOW CLOSE,SHREWSBURY,,SY1 3GZ
201812,W00097,,SUBSTANCE MISUSE SERVICE RHYL,7 BRIGHTON ROAD,RHYL,,LL18 3EY
201812,W00077,,MND & P.,UNIT 5  MERLINS COURT,WINCH LANE,HAVERFORDWEST,SA61 1SB
201812,W00079,,RCT LHB & MERTHYR LHB OOH,Navigation Park,Abercynon,RHONDDA CYNON TAFF,CF45 4SN
201812,W00080,,PRIMARY CARE SMP,THE ELMS,RHOSDDU ROAD,WREXHAM,LL11 1EB
201812,W00081,,THE LIGHTHOUSE CENTRE,DIGARTREF YNYS MON LTD,ENTERPRISE CENTRE,HOLYHEAD,LL65 2HY
201812,W00016,,Wentwood Ward,St Cadocs Hospital,Lodge Road,CAERLEON NEWPORT,NP18 3XQ
201812,W95641,,THE HOLLIES HEALTH CENTRE,SWAN STREET,MERTHYR TYDFIL,MID GLAMORGAN,CF47 8ET
201812,W97625,,15-16 STATION ROAD,PENARTH,SOUTH GLAMORGAN,,CF64 3EP
201812,W00082,,GWYNEDD LHB,ERYLDON CAMPBELL ROAD,CAERNARFON,GWYNEDD,LL55 1HU
201812,W00086,,FLINTSHIRE SUBS MISUSE SERVICE,ROWLEYS DRIVE CLINIC,SHOTTON,DEESIDE,CH5 1PU
201812,W00071,,Preswylfa,Hendy Road,Mold ,Flintshire,CH7 1PZ
201812,W97020,,NORTH ROAD MEDICAL PRACTICE,182 NORTH ROAD,GABALFA CARDIFF,SOUTH GLAMORGAN,CF14 3XQ
201812,W00092,,SUBSTANCE MISUSE SUPPORT PROG,OLDWAY HOUSE,CASTLE STREET,MERTHYR TYDFIL,CF47 8UX
201812,W00024,,GWENT HEALTHCARE TRUST,VANTAGE POINT HOUSE,TY COCH INDUSTRIAL ESTATE,CWMBRAN,NP44 7XX
201812,W00023,,GWENT HEALTHCARE TRUST,VANTAGE POINT HOUSE,TY COCH INDUSTRIAL ESTATE,CWMBRAN,NP44 7XX
201812,W00021,,GWENT HEALTHCARE TRUST,VANTAGE POINT HOUSE,TY COCH INDUSTRIAL ESTATE,CWMBRAN,NP44 7XX
201812,W93065,,GLAN YR AFON SURGERY,SHOP ROW,TREDEGAR,GWENT,NP22 4LB
201812,W95082,,THE SURGERY,PANT STREET,ABERBARGOED BARGOED,MID GLAMORGAN,CF81 9BB
201812,W95636,,LANSBURY SURGERY,WEDGEWOOD COURT,LANSBURY PARK CAERPHILLY,MID GLAMORGAN,CF83 1RB
201812,W95028,,DOWLAIS MEDICAL PRACTICE,IVOR STREET,DOWLAIS MERTHYR TYDFIL,MID GLAMORGAN,CF48 3LU
201812,W95058,,TAFF VALE PRACTICE,DUFFRYN ROAD,RHYDYFELIN PONTYPRIDD,MID GLAMORGAN,CF37 5RW
201812,W97021,,BIRCHGROVE SURGERY,CAERPHILLY ROAD,BIRCHGROVE CARDIFF,SOUTH GLAMORGAN,CF14 4QJ
201812,W97025,,WHITCHURCH ROAD SURGERY,210 WHITCHURCH ROAD,HEATH CARDIFF,SOUTH GLAMORGAN,CF14 3NB
201812,W97031,,MEDDYGFA LANSDOWNE SURGERY,SANATORIUM ROAD,CANTON CARDIFF,SOUTH GLAMORGAN,CF11 8DG
201812,W97053,,ST. ISAN ROAD SURGERY,46 ST. ISAN ROAD,HEATH CARDIFF,SOUTH GLAMORGAN,CF14 4UU
201812,W97064,,HIGHLIGHT PARK MED PRACTICE,LAKIN DRIVE HIGHLIGHT PARK,BARRY VALE OF GLAMORGAN,SOUTH GLAMORGAN,CF62 8GP
201812,W97068,,THE CAERAU LANE SURGERY,CAERAU LANE,ELY CARDIFF,SOUTH GLAMORGAN,CF5 5HJ
201812,W97611,,THE PRACTICE OF HEALTH,31 BARRY ROAD,BARRY VALE OF GLAMORGAN,SOUTH GLAMORGAN,CF63 1BA
201812,W97623,,GREENMOUNT SURGERY,25 CHURCH ROAD,CAERAU ELY CARDIFF,SOUTH GLAMORGAN,CF5 5LQ
201812,W95290,,OAKLAND SURGERY,OAKLAND STREET,BEDLINOG TREHARRIS,MID GLAMORGAN,CF46 6TE
201812,W95295,,CWM GWYRDD MEDICAL CENTRE,HIGH STREET,GILFACH GOCH RHONDDA CYNON TAF,MID GLAMORGAN,CF39 8SX
201812,W96001,,MONTGOMERY HEALTH CENTRE,WELL STREET,MONTGOMERY,POWYS,SY15 6PF
201812,W96005,,THE ARWYSTLI MEDICAL PRACTICE,MOUNT LANE,LLANIDLOES,POWYS,SY18 6EZ
201812,W96006,,RHAYADER MEDICAL CENTRE,CAE HERBERT LANE,RHAYADER,POWYS,LD6  5ED
201812,W96015,,NEWTOWN MEDICAL CENTRE,PARK STREET,NEWTOWN,POWYS,SY16 1EF
201812,W96016,,WAR MEMORIAL HEALTH CENTRE,CRICKHOWELL,POWYS,,NP8 1AG
201812,W92007,,COACH & HORSES SURGERY,THE CAR PARK,ST.CLEARS CARMARTHENSHIRE,DYFED,SA33 4AA
201812,W96017,,HAYGARTH MEDICAL CENTRE,HAY ROAD,TALGARTH BRECON,POWYS,LD3 OAW
201812,W92034,,MEDDYGFA TEIFI SURGERY,NEW ROAD,LLANDYSUL CEREDIGION,DYFED,SA44 4QJ
201812,W92040,,THE SURGERY,MARGARET STREET,AMMANFORD CARMARTHENSHIRE,DYFED,SA18 2PJ
201812,W92042,,WINCH LANE SURGERY,WINCH LANE,HAVERFORDWEST PEMBROKESHIRE,DYFED,SA61 1RN
201812,W92048,,LLANGENNECH SURGERY,PARK LANE,LLANGENNECH LLANELLI,CARMARTHENSHIRE DYFED,SA14 8TU
201812,W92056,,LLANILAR HEALTH CENTRE,LLANILAR,ABERYSTWYTH CEREDIGION,DYFED,SY23 4PA
201812,W92058,,ST. DAVIDS SURGERY ERYL MOR,36 NEW STREET,ST.DAVIDS PEMBROKESHIRE,DYFED,SA62 6SS
201812,W92059,,THE SURGERY,CYSGOD YR EGLWYS,SOLVA HAVERFORDWEST,PEMBROKESHIRE DYFED,SA62 6TW
201812,W92436,,HARBOUR VIEW SURGERY,56 STATION ROAD,BURRY PORT CARMARTHENSHIRE,DYFED,SA16 0LW
201812,W91005,,PENDRE SURGERY,COLESHILL STREET,HOLYWELL FLINTSHIRE,CLWYD,CH8 7RS
201812,W91030,,ST GEORGE'S CRESCENT SURGERY,40 SAINT GEORGES CRESCENT,WREXHAM,CLWYD,LL13 8DB
201812,W91604,,THE SURGERY,SANDY LANE,HANMER WHITCHURCH,SHROPSHIRE,SY13 3DL
201812,W91632,,SEABANK SURGERY,4- 6 RHODFA WYN TOWER GARDENS,PRESTATYN,DENBIGHSHIRE,LL19 7UN
201812,W94015,,THE HEALTH CENTRE,LLANFAIRPWLL,YNYS MON,GWYNEDD,LL61 5YZ
201812,W94016,,LLYS MEDDYG,23 CASTLE STREET,CONWY,CLWYD,LL32 8AY
201812,W00007,,CARITAS SURGERY,THE HEALTH CENTRE SMITHY ROAD,COEDPOETH,WREXHAM CLWYD,LL11 3NS
201812,W00095,,QUARRY HOUSE,HIGH STREET,DYSERTH,DENBIGHSHIRE,LL18 6AB
201812,W98003,,CWMFELIN MEDICAL CENTRE,298 CARMARTHEN ROAD,SWANSEA,WEST GLAMORGAN,SA1 1HW
201812,W98046,,VALE OF NEATH PRACTICE,102 HIGH STREET,GLYNNEATH NEATH,PORT TALBOT,SA11 5AL
201812,W98053,,UNIVERSITY HEALTH CENTRE,PENMAEN RESIDENCE,SINGLETON PARK,SWANSEA,SA2 8PG
201812,W98058,,CWMLLYNFELL SURGERY,4 GWILYM ROAD,CWMLLYNFELL NEATH,PORT TALBOT,SA9 2GH
201812,W95012,,WOODLANDS SURGERY,WOODLANDS TERRACE,CAERAU MAESTEG BRIDGEND,MID GLAMORGAN,CF34 0SR
201812,W93126,,HEREFORD ROAD SURGERY,6 HEREFORD ROAD,ABERGAVENNY,GWENT,NP7 5PR
201812,W95001,,ST JOHN'S MEDICAL PRACTICE,HIGH STREET,ABERDARE,MID GLAMORGAN,CF44 7DD
201812,W95619,,YNYSYBWL SURGERY,THE SQUARE ROBERT STREET,YNYSYBWL,MID GLAMORGAN,CF37 3DU
201812,W95635,,PANTGLAS SURGERY,ABERFAN COMMUNITY CENTRE,PANTGLAS ROAD ABERFAN,MERTHYR TYDFIL MID GLAMORGAN,CF48 4QE
201812,W97033,,THE PENYLAN SURGERY,74 PENYLAN ROAD,PENYLAN CARDIFF,SOUTH GLAMORGAN,CF23 5SY
201812,W97034,,ROATH HOUSE SURGERY,100 PENYLAN ROAD,PENYLAN CARDIFF,SOUTH GLAMORGAN,CF23 5RH
201812,W97036,,DANESCOURT SURGERY,4 RACHEL CLOSE,DANESCOURT CARDIFF,SOUTH GLAMORGAN,CF5 2SH
201812,W97056,,THE CITY SURGERY,187 CITY ROAD,ROATH CARDIFF,SOUTH GLAMORGAN,CF24 3WD
201812,W97057,,ALBERT ROAD SURGERY,ALBERT ROAD,PENARTH VALE OF GLAMORGAN,SOUTH GLAMORGAN,CF64 1BX
201812,W91004,,STRATHMORE MED PRACTICE,26-28 CHESTER ROAD,WREXHAM,CLWYD,LL11 2SA
201812,W91013,,HOPE FAMILY MED CENTRE,HAWARDEN ROAD,HOPE WREXHAM,CLWYD,LL12 9NL
201812,W91039,,DEESIDE MEDICAL CENTRE,17- 21 CHESTER ROAD EAST,SHOTTON DEESIDE,FLINTSHIRE,CH5 1QA
201812,W91056,,THE HEALTH CENTRE,SMITHY ROAD,COEDPOETH WREXHAM,CLWYD,LL11 3NS
201812,W91059,,THE HEALTH CENTRE,BEECH AVENUE,RHOSLLANERCHRUGOG WREXHAM,CLWYD,LL14 1AA
201812,W98008,,PRINCESS STREET SURGERY,PRINCESS STREET,GORSEINON SWANSEA,WEST GLAMORGAN,SA4 4US
201812,W98027,,KINGSWAY SURGERY,37 THE KINGSWAY,SWANSEA,WEST GLAMORGAN,SA1 5LF
201812,W95067,,OGMORE VALE SURGERY,COMMERCIAL STREET,OGMORE VALE BRIDGEND,MID GLAMORGAN,CF32 7BL
201812,W98787,,PENYBRYN SURGERY,ALEXANDRA ROAD,GORSEINON SWANSEA,WEST GLAMORGAN,SA4 4NU
201812,W93014,,SUNNYBANK HEALTH CENTRE,BRYN ROAD,CEFN FFOREST BLACKWOOD,GWENT,NP12 3NA
201812,W93053,,BEECHWOOD SURGERY,371- 373 CHEPSTOW ROAD,NEWPORT,GWENT,NP19 8HL
201812,W95046,,MARKET STREET PRACTICE,TONYFELIN MEDICAL CENTRE,TONYFELIN SURGERY BEDWAS ROAD,CAERPHILLY MID GLAMORGAN,CF83 1XP
201812,W94036,,THE SURGERY,SPRINGFIELD STREET,CAERFFYNNON DOLGELLAU,GWYNEDD,LL40 1LY
201812,W00116,,CLYDACH PRIMARY CARE CENTRE,80 HIGH STREET,CLYDACH,SWANSEA,SA6 5LN
201812,W96007,,MAESYCOED,GLANDWR PARK,BUILTH WELLS,POWYS,LD2 3DZ
201812,W95751,,PENCLAWDD HEALTH CENTRE,BEACH ROAD,PENCLAWDD,SWANSEA,SA4 3YN
201812,W91007,,CADWGAN SURGERY,11 BODELWYDDAN AVENUE,OLD COLWYN,CONWY,LL29 9NP
201812,W98002,,HEALTH CENTRE,DYFED ROAD,NEATH,WEST GLAMORGAN,SA11 3AW
201812,W00031,,GP CENTRAL OOH SERVICE,YSBYTY GLAN CLWYD,RHYL,DENBIGHSHIRE,LL18 5UJ
201812,W92027,,TENBY SURGERY,THE NORTON,TENBY,PEMBROKESHIRE,SA70 8AB
201812,W00061,,SMS GWYNEDD,BRO CASTELL,SEGONTIUM TERRACE CAERNARFON,GWYNEDD,LL55 2PH
201812,W00038,,ABMU GP OOH SERVICE,C/O THE GROVE MEDICAL CENTRE,6 UPLANDS TERRACE,SWANSEA,SA2 0GU
201812,W00127,,OUT OF HOURS SERVICE,UNIVERSITY HOSPITAL OF WALES,HEATH PARK,CARDIFF,CF14 4XW
201812,W98051,,CYMMER SURGERY,STATION ROAD,CYMMER NEATH,PORT TALBOT,SA13 3EF
201812,W94002,,CANOLFAN IECHYD AMLWCH,PARYS ROAD,ANGLESEY,,LL68 9AB
201812,W97050,,DAINTREE SURGERY,98 WENTLOOG ROAD,RUMNEY CARDIFF,SOUTH GLAMORGAN,CF3 3XE
201812,W91016,,BRYN DARLAND SURGERY,53 HIGH STREET,COEDPOETH WREXHAM,CLWYD,LL11 3SA
201812,W94018,,THE MEDICAL CENTRE,PLAS PENRHYN,PENRHYN BAY LLANDUDNO,CONWY,LL30 3EU
201812,W94622,,WEST SHORE SURGERY,9 BRYNIAU ROAD,LLANDUDNO,CONWY,LL30 2BL
201812,W94627,,ROWLEYS DRIVE CLINIC,THE SURGERY ROWLEYS DRIVE,SHOTTON,FLINTSHIRE,CH5 1PU
201812,W94629,,MEDDYGFA DEINIOL,BRO DAWEL GARTH ROAD,BANGOR,GWYNEDD,LL57 2SE
201812,W98018,,ST HELENS MEDICAL CENTRE,151 ST HELENS ROAD,SWANSEA,WEST GLAMORGAN,SA1 4DF
201812,W98020,,NICHOLL STREET  MEDICAL CENTRE,33 NICHOLL STREET,SWANSEA,WEST GLAMORGAN,SA1 4HF
201812,W98021,,SKETTY & KILLAY MEDICAL CENTRE,DE LA BECHE ROAD,SKETTY SWANSEA,WEST GLAMORGAN,SA2 9EA
201812,W98028,,FFORESTFACH MEDICAL GROUP,118 RAVENHILL ROAD,FFORESTFACH,SWANSEA,SA5 5AA
201812,W98031,,MOUNT SURGERY,MARGAM ROAD,NEATH PORT TALBOT,WEST GLAMORGAN,SA13 2BN
201812,W98048,,TABERNACLE SURGERY,4 TABERNACLE STREET,SKEWEN NEATH,PORT TALBOT,SA10 6UF
201812,W98052,,MORRISON ROAD SURGERY,PORT TALBOT RESOURCE CENTRE,MOOR ROAD NEATH,PORT TALBOT,SA12 7BJ
201812,W93115,,BLAINA MEDICAL PRACTICE,REAR OF HIGH STREET,BLAINA,GWENT,NP13 3AT
201812,W00034,,NORTH WALES GP 00H SERVICE,YSBYTY GWYNEDD,PENRHOSGARNEDD,BANGOR  GWYNEDD,LL57 2PW
201812,W94039,,LIVERPOOL HOUSE,WAUNFAWR,CAERNARFON,GWYNEDD,LL55 4YY
201812,W00128,,CRI,OLDWAY HOUSE,CASTLE STREET,MERTHYR TYDFIL,CF47 8UX
201812,W97616,,GRANGETOWN HEALTH CENTRE,CAMBRIDGE STREET,GRANGETOWN  CARDIFF,SOUTH GLAMORGAN,CF11 7DJ
201812,W92033,,SAUNDERSFOOT MEDICAL CENTRE,WESTFIELD ROAD,SAUNDERSFOOT PEMBROKESHIRE,DYFED,SA69 9JW
201812,W00131,,CRIME REDUCTION INITIATIVES,BARRY IOIS,2-10 HOLTON ROAD,BARRY,CF63 4HD
201812,W00132,,CRI,OLDWAY HOUSE,CASTLE STREET,MERTHYR TYDFIL,CF47 8UX
201812,W00134,,LLWYNHENDY HEALTH CENTRE,LLWYNHENDY ROAD,LLWYNHENDY,DYFED,SA14 9BN
201812,W93125,,UNDERWOOD HEALTH CENTRE,81 BIRCH GROVE,LLANMARTIN,NEWPORT,NP18 2JB
201812,W00136,,Continence Service,Montgomery County Infirmary,Llanfair Road  Newtown,POWYS,SY16 2DW
201812,W93050,,RIVERSIDE SURGERY,WILLENHALL STREET,OFF CORPORATION ROAD,NEWPORT,NP19 0GE
201812,W00139,,PRIMARY CARE D&A SERVICE-PCDAS,LLWYN-YR-EOS CLINIC,MAIN ROAD,CHURCH VILLAGE,CF38 1RN
201812,W98057,,THE BEACON CENTRE FOR HEALTH,LANGDON ROAD,SWANSEA,,SA1 8QY
201812,W97007,,CLOUGHMORE MEDICAL CENTRE,19 SOUTH PARK ROAD,SPLOTT,CARDIFF,CF24 2LU
201812,W97294,,WHITCHURCH VILLAGE PRACTICE,PARK ROAD SURGERY,WHITCHURCH CARDIFF,SOUTH GLAMORGAN,CF14 7EZ
201812,W95042,,ABERCYNON HEALTH CENTRE,YNYSMEURIG ROAD,ABERCYNON,MID GLAMORGAN,CF45 4YB
201812,W91024,,CHIRK SURGERY,CASTLE HEALTH CENTRE,COLLIERY ROAD CHIRK WREXHAM,CLWYD,LL14 5DH
201812,W91618,,GROSVENOR SURGERY,GLANRAFON MEDICAL CENTRE,GLANRAFON ROAD,MOLD,CH7 1PA
201812,W00122,,NPT Community Resource Team,Acute Clinical Team,Cimla Hospital  Cimla,NEATH,SA11 3SU
201812,W00098,,ALBERT ROAD SURGERY,ALBERT ROAD,PENARTH,,CF64 1BX
201812,W00020,,GWENT HEALTHCARE TRUST,VANTAGE POINT HOUSE,TY COCH INDUSTRIAL ESTATE,CWMBRAN,NP44 7XX
201812,W95079,,NEW STREET SURGERY,3 NEW STREET,ABERKENFIG BRIDGEND,MID GLAMORGAN,CF32 9BL
201812,W00057,,CEREDIGION LHB,THE BRYN NORTH ROAD,LAMPETER,CEREDIGION,SA48 7HA
201812,W00104,,LLANDUDNO CLINIC,HEALTH PREMISES ARGYLL ROAD,LLANDUDNO,CONWY,LL30 1DF
201812,W00108,,CERRIG-Y-DRIDION CLINIC,THE HEALTH CLINIC,CERRIGYDRUDION,CONWY,LL21 9UB
201812,W00111,,CORWEN HEALTH CENTRE,GREEN LANE,CORWEN,DENBIGHSHIRE,LL21 0DN
201812,W00114,,ROYAL ALEXANDRA HOSPITAL,MARINE DRIVE,RHYL,,LL18 3AS
201812,W95043,,NELSON SURGERY,BRYNCELYN,NELSON,MID GLAMORGAN,CF46 6HL
201812,W00129,,THE PRIMARY CARE ENT SERVICE,WEST QUAY MEDICAL CENTRE,HOOD ROAD,BARRY - VALE OF GLAMORGAN,CF62 5QN
201812,W92024,,MEDDYGFA PADARN SURGERY,PENGLAIS ROAD,ABERYSTWYTH,CEREDIGION,SY23 3DU
201812,W00039,,HYWEL DDA HEALTH BOARD,HAFAN DERWEN  ST DAVIDS PARC,JOBSWELL ROAD,CARMARTHEN,SA31 3BB
201812,W00064,,OOH OFFICE  1ST FLR,EUCC,WITHYBUSH GEN HOSPITAL,HAVERFORDWEST.,SA61 2PZ
201812,W95020,,HIRWAUN MEDICAL CENTRE,HIGH STREET,HIRWAUN ABERDARE,MID GLAMORGAN,CF44 9SL
201812,W93047,,RINGLAND MEDICAL PRACTICE,RINGLAND CIRCLE,NEWPORT,GWENT,NP19 9PS
201812,W94024,,MEDDYGFA GWYDIR,SCHOOL BANK ROAD,LLANRWST,CONWY,LL26 0AR
201812,W95634,,BROOKSIDE MEDICAL CENTRE,HEOL AFON TAF,TROEDYRHIW,MERTHYR TYDFIL,CF48 4DT
201812,W00133,,MEDDYGFA GELLI-ONN,ASH GROVE MEDICAL CENTRE,THOMAS STREET,LLANELLI,SA15 3JH
201812,W00140,,MEDDYGFA VICTORIA,HOLYHEAD,YNYS MON,,LL65 1UD
201812,W98056,,HARBOURSIDE HEALTH CENTRE,BEACON CENTRE FOR HEALTH,LANGDON ROAD,SWANSEA,SA1 8QY
201812,W00130,,CARDIFF IOIS,GROUND FLOOR,HARLECH COURT,BUTE TERRACE  CARDIFF,CF10 2FE
201812,W94027,,FELINHELI &PORTHAETHWY SURGERY,ROWEN,Y FELINHELI,GWYNEDD,LL56 4RX
201812,W97027,,RUMNEY PRIMARY CARE CENTRE,BARMOUTH ROAD,RUMNEY,CARDIFF,CF3 4LG
201812,W95013,,THE LAWN MEDICAL PRACTICE,THE LAWN INDUSTRIAL ESTATE,RHYMNEY,TREDEGAR,NP22 5PW
201812,W00030,,HAVEN WAY DAY HOSPITAL,FORT ROAD,PEMBROKE DOCK,PEMBROKESHIRE,SA72 6SY
201812,W95623,,CYNON VALE MEDICAL PRACTICE,8 CARDIFF ROAD,MOUNTAIN ASH,MID GLAMORGAN,CF45 4EY
201812,W00142,,AMMAN TAWE PARTNERSHIP,GRAIG ROAD,GWAUN CAE GURWEN,,SA18 1EG
201812,W00145,,WHITE ROSE MEDICAL CENT,WHITE ROSE WAY,NEW TREDEGAR,GWENT,NP24 6EE
201812,W96009,,CAEREINION HEALTH CENTRE,LLANFAIR CAEREINION,WELSHPOOL,POWYS,SY21 0RT
201812,W93015,,BLAENAVON MEDICAL PRACTICE,MIDDLE COED ROAD,BLAENAVON,GWENT,NP4 9AW
201812,W00148,,ABMU CONTINENCE SERVICE,GORSEINON HOSPITAL,BRYNAWEL ROAD,GORSEINON SWANSEA,SA4 4UU
201812,W91018,,ROSENEATH MEDICAL PRACTICE,BUCKLEY MEDICAL CENTRE,ALLTAMI ROAD BUCKLEY,FLINTSHIRE,CH7 3PG
201812,W93075,,ABERTILLERY GROUP PRACTICE,THE BRIDGE CENTRE,FOUNDRY BRIDGE,ABERTILLERY,NP13 1BQ
201812,W95017,,THE NEW SURGERY,PRIMARY CARE CENTRE,MIN Y NANT,PENCOED,CF35 6YP
201812,W93122,,NORTH CELYNEN PRACTICE,CROWN STREET,CRUMLIN NEWPORT,GWENT,NP11 4PQ
201812,W00146,,CRI C&BG ADULT ALCOHOL SERVICE,CHAMBERS HOUSE,BLACKWOOD ROAD,BLACKWOOD ,NP12 2BW
201812,W00147,,COMMUNITY RESOURCE TEAM,GORSEINON HOSPITAL,BRYNAWEL ROAD,GORSEINON SWANSEA,SA4 4UU
201812,W98043,,MANSELTON SURGERY,ELGIN STREET,MANSELTON,SWANSEA,SA5 8QE
201812,W93067,,NORTH CELYNEN PRACTICE,CROWN STREET,CRUMLIN,,NP11 4PQ
201812,W00089,,C&V MUSCULOSKELETEL,CARDIFF ROYAL INFIRMARY,GLOSSOP ROAD,CARDIFF,CF24 0SZ
201812,W93117,,HEALTH CENTRE,CHEPSTOW ROAD,RAGLAN,GWENT,NP15 2EN
201812,W95064,,BRON-Y-GARN SURGERY,MAESTEG HOSPITAL,NEATH ROAD,MAESTEG ,CF34 9PW
201812,W91629,,CAIA PARK SURGERY,PRINCE CHARLES ROAD,WREXHAM,CLWYD,LL13 8TH
201812,W91042,,BEECHLEY MEDICAL CENTRE,BRYNCABANAU,HIGHTOWN,WREXHAM,LL13 7BS
201812,W98040,,BRITON FERRY HEALTH CENTRE,BRUNEL WAY,BRITON FERRY,,SA11 2FP
201812,W97018,,THE SURGERY,ST DAVIDS COURT,68A COWBRIDGE ROAD EAST,CARDIFF,CF11 9DU
201812,W00150,,KALEIDOSCOPE,HARLECH COURT,BUTE TERRACE , CARDIFF,CF10 2FE
201812,W00151,,KALEIDOSCOPE,2-10 HOLTON ROAD,BARRY,,CF63 4HD
201812,W94030,,MEDDYGFA HAFAN IECHYD,DOC FICTORIA BALACLAFA ROAD,CAERNARFON,GWYNEDD,LL55 1TH
201812,W91640,,HEALTHY RHUDDLAN IACH,VICARAGE LANE,RHUDDLAN,DENBIGHSHIRE,LL18 2UE
201812,W92614,,ANDREWS MEDICAL PRACTICE,THE OLD DENTAL SUITE,LLWYNHENDY HEALTH CENTRE,LLWYNHENDY ROAD LLANELLI,SA14 9BN
201812,W94009,,THE HEALTH CENTRE,Beaumaris Library,BEAUMARIS,YNYS MON,LL58 8AL
201812,W00153,,COMMUNITY FRAILTY PRACTICE,CONFERENCE CENTRE,FISHGUARD ROAD,HAVERFORDWEST,SA61 2PZ
201812,W91048,,RYSSELDENE SURGERY,WEST END MEDICAL CENTRE,CONWAY ROAD,COLWYN BAY,LL29 7LS
201812,W92442,,CEREDIGION CDAT,GORWELION,LLANBADARN ROAD,ABERYSTWYTH  CEREDIGION.,SY23 1HB
201812,W00156,,LLANIDLOES PHARMACY,51 LONGBRIDGE STREET,LLANIDLOES,POWYS,SY18 6EF
201812,W00063,,RHOSLAN SURGERY,WEST END MEDICAL CENTRE,CONWAY ROAD,COLWYN BAY,LL29 7LS
201812,W00149,,HDUHB ALT PHC PROVISION APHCP,YSTWYTH BUILDING HAFEN DERWEN,ST DAVIDS PARK JOBSWELL ROAD,CARMARTHEN,SA31 3BB
201812,W00161,,COMMUNITY CARDIOLOGY CLINIC,KEIR HARDIE UNI HEALTH PARK,ABERDARE ROAD,MID GLAMORGAN,CF48 1BZ
201812,W00162,,PRIMARY CARE CENTRE,LLANDUDNO GENERAL HOSPITAL,HOSPITAL ROAD,LLANDUDNO CONWY,LL30 1LB
201812,W96011,,BRO DDYFI/DYFI VALLEY HEALTH,GLANTWYMYN HEALTH CENTRE,MACHYNLLETH,POWYS,SY20 8LB
201812,W91025,,ALYN FAMILY DOCTORS,THE HEALTH CENTRE,SCHOOL ROAD,LLAY WREXHAM,LL12 0TR
201812,W97046,,VALE GROUP PRACTICE,RAVENSCOURT SURGERY,36-38 TYNEWYDD ROAD,BARRY VALE OF GLAMORGAN,CF62 8AZ
201812,W92025,,YSTWYTH MEDICAL GROUP,PARC Y LLYN,LLANBADARN FAWR ABERYSTWYTH,CEREDIGION ,SY23 3TL
201812,W97023,,WOODLANDS MEDICAL CENTRE,1 GREENFARM ROAD,ELY CARDIFF,SOUTH GLAMORGAN,CF5 4RG
201812,W92021,,FAIRFIELD SURGERY,1 PARK CRESCENT,LLANELLI,CARMARTHENSHIRE,SA15 3AE
201812,W94032,,BRONMEIRION,CASTLE STREET,PENRHYNDEUDRAETH,GWYNEDD,LL48 6AL
201812,W98005,,LLWYN BRWYDRAU SURGERY,3 FREDERICK PLACE,LLANSAMLET,SWANSEA,SA7 9RY
201812,W00036,,ABMU GP OOH SERVICE,BEACON CENTRE FOR HEALTH,LANGDON ROAD,SWANSEA,SA1 8QY
201812,W97022,,CATHEDRAL VIEW MEDICAL CENTRE,LLANIDLOES ROAD,GABALFA,CARDIFF,CF14 2ST
201812,W93058,,THE MOUNT SURGERY,PONTYPOOL MEDICAL CENTRE,OFF TOWN BRIDGE PONTYPOOL,GWENT,NP4 6DH
201812,W95080,,MEDDYGFA CWM RHYMNI PRACTICE,WHITE ROSE WAY MEDICAL CENTRE,WHITE ROSE WAY,NEW TREDEGAR,NP24 6EE
201812,W92009,,MEDDYGFA TEILO,CRESCENT ROAD,LLANDEILO,CARMARTHENSHIRE,SA19 6HN
201812,W91010,,CANOLFAN IECHYD,LLANGOLLEN HEALTH CENTRE,BISHOPS WALK,LLANGOLLEN,LL20 8RZ
201812,W91015,,THE STABLES MEDICAL PRACTICE,27 GLYNNE WAY,HAWARDEN DEESIDE,FLINTSHIRE,CH5 3PA
201812,W95026,,TROED Y FAN MEDICAL PRACTICE,ABERFAN SURGERY,COTTRELL STREET,ABERFAN,CF48 4QU
201812,W95081,,MEDDYGFA CWM RHYMNI PRACTICE,R.I.H.S.C.C,UNIT 22 LAWN INDUSTRIAL ESTATE,RHYMNEY,NP22 5PW
201812,W95050,,MEDDYGFA GELLIGAER SURGERY,HEOL HEN YSGOL,GELLIGAER,,CF82 8FQ
201812,W00144,,WATERSIDE MEDICAL PRACTICE,BRITON FERRY HEALTH CENTRE,BRUNEL WAY,BRITON FERRY,SA11 2FP
201812,W97044,,CARDIFF BAY SURGERY,45 CAMBRIDGE STREET,GRANGETOWN CARDIFF,SOUTH GLAMORGAN,CF11 7DJ
201812,W93036,,CASTLE GATE MEDICAL PRACTICE,REAR OF MONNOW STREET,MONMOUTH,GWENT,NP25 3EQ
201812,W97052,,WESTERN VALE FAMILY PRACTICE,THE BROAD SHROAD,COWBRIDGE,VALE OF GLAMORGAN,CF71 7DA
201812,W95027,,DE WINTON FIELD PRACTICE,TONYPANDY,RHONDDA CYNON TAFF,MID GLAMORGAN,CF40 2LE
201812,W98030,,DULAIS VALLEY PRIM CARE CTRE,NANT Y CAFN BUSINESS PARK,SEVEN SISTERS,NEATH PORT TALBOT,SA10 9EY
201812,W97055,,DINAS POWYS MEDICAL CENTRE,MURCH ROAD,DINAS POWYS,VALE OF GLAMORGAN,CF64 4RE
201812,W94037,,TY DOCTOR ISFRYN,FFORDD DEWI SANT,NEFYN,GWYNEDD,LL53 6EG
201812,W98017,,THE HEALTH CENTRE,WAUN AVENUE,GLYNCORRWG PORT TALBOT,WEST GLAMORGAN,SA13 3DP
201812,W93131,,131 Stow Hill,Newport,Gwent, ,NP20 4SZ
201812,W97291,,BUTETOWN MEDICAL PRACTICE,LOUDOUN,PLAS IONA,BUTETOWN  CARDIFF,CF10 5HW
201812,W00155,,Continence Prescribing Service,Bro Preseli Community Resource,Heol Parc Y Ffair,CRYMYCH,SA41 3SJ
201812,W00158,,LLANBEDR COURT,LLANDEVAUD,NEWPORT,,NP18 2AA
201812,W00159,,ACUTE VISITING SERVICE,THE CONFERENCE CENTRE,WITHYBUSH GENERAL HOSPITAL,FISHGUARD ROAD  HAVERFORDWEST,SA61 2PZ
201812,W98004,,BRYNHYFRYD MEDICAL CENTRE,499 LLANGYFELACH ROAD,BRYNHYFRYD,SWANSEA,SA5 9EA
201812,W95643,,DR T D EALES SURGERY,36 VICTORIA AVENUE,PORTHCAWL  BRIDGEND,MID GLAMORGAN,CF36 3HG
201812,W00076,,BRADLEY'S PRACTICE,BUCKLEY MEDICAL CENTRE,ALLTAMI ROAD,BUCKLEY FLINTSHIRE,CH7 3PG
201812,W91026,,OVERTON MEDICAL PRACTICE,15 HIGH STREET,OVERTON ON DEE,WREXHAM,LL13 0ED
201812,W00152,,KALEIDOSCOPE,ST DAVID'S UNITING CHURCH,GELLIWASTAD ROAD,PONTYPRIDD,CF37 2BN
201812,W94007,,TYWYN HEALTH CENTRE,ABERDOVEY ROAD,TYWYN,GWYNEDD,LL36 9HL
201812,W94020,,MEDDYG CARE LONFA,GLYN-Y-MARL ROAD,LLANDUDNO JUNCTION,CONWY,LL31 9NS
201812,W92038,,NARBERTH SURGERY,NORTHFIELD ROAD,NARBERTH PEMBROKESHIRE,DYFED,SA67 7AA
201812,W00154,,CHRONIC CONDITIONS PRACTICE,CONFERENCE CENTRE,FISHGUARD ROAD,HAVERFORDWEST,SA61 2PZ
201812,W94023,,MEDDYGFA GERAFON,MIN YR AFON,BENNLLECH,ANGLESEY,LL74 8TF
201812,W00157,,ACUTE CLINICAL RESPONSE TEAM,(ACRT),CAERNARVON WAY,SWANSEA,SA1 7HJ
201812,W91009,,HEALTHY PRESTATYN,RHUDDLAN IACH TY NANT,NANT HALL ROAD PRESTATYN,DENBIGHSHIRE,LL19 9LN
201812,W00138,,2ND FLOOR,THE BEACON CENTRE FOR HEALTH,LANGDON ROAD,SWANSEA,SA1 8QY
201812,W00163,,Powys Teaching Health Board,Bronllys Hospital,Bronllys,BRECON,LD3 0LU
201812,W00160,,HEALTH & WELLBEING CENTRE,H M P BERWYN 139 BRIDGE STREET,WREXHAM INDUSTRIAL ESTATE,WREXHAM,LL13 9QE
201812,W97008,,LLAN HEALTH CENTRE,MAELFA LLANEDEYRN,CARDIFF,SOUTH GLAMORGAN,CF23 9PN
201812,W94004,,CANOLFAN GOFFA FFESTINIOG,WYNNE ROAD,BLAENAU FFESTINIOG,GWYNEDD,LL41 3DW
201812,W91055,,THE LAURELS SURGERY,FLINT HEALTH & WELLBEING,CENTRE EARL STREET,FLINT,CH6 5ER
201812,W91046,,EYTON PLACE SURGERY,FLINT HEALTH & WELLBEING,CENTRE EARL STREET,FLINT,CH6 5ER
201812,W00051,,DSN OFFICE OPD2,COUNTY HOSPITAL,COED-Y-GRIC ROAD,PONTYPOOL ,NP4 5YA
201812,W98022,,CWMTAWE MEDICAL GROUP,80 HIGH STREET,CLYDACH,SWANSEA,SA6 5LN
201812,W93009,,ABERBEEG MEDICAL PRACTICE,THE SQUARE,ABERBEEG,ABERTILLERY,NP13 2AB
201812,W97065,,ST. DAVID'S MEDICAL CENTRE,PENTWYN DRIVE,PENTWYN,CARDIFF,CF23 7SD
201812,W00166,,ELYSIUM HEALTHCARE,PENPERLLENI,NR PONTYPOOL,,NP4 0AH
201812,W00167,,GENDER PRESCRIBING SUPPORT,MEDDYGFA CANNA SURGERY,27 WYNDHAM CRESCENT,CANTON CARDIFF,CF11 9EE
201812,W00143,,4 GWILYM ROAD,CWMLLYNFELL,SWANSEA,,SA9 2GH
201812,W97045,,LLANTWIT MAJOR & COASTAL VALE,MEDICAL PRACTICE STATION ROAD,LLANTWIT MAJOR VALE OF GLAM,SOUTH GLAMORGAN,CF61 1ST
201812,W95087,,MAENDY PLACE SURGERY,1 MAENDY PLACE,WEATHERALL STREET,ABERDARE,CF44 7AY
201812,W98019,,CWMAVON HEALTH CENTRE,CWMAVON NEATH,PORT TALBOT,WEST GLAMORGAN,SA12 9PY
201812,W91031,,RHOSLAN SURGERY,WEST END MEDICAL CENTRE,CONWAY ROAD,COLWYN BAY,LL29 7DA
201812,W98015,,MOUNTAIN VIEW HEALTH CENTRE,51 MAYHILL ROAD,MAYHILL SWANSEA,WEST GLAMORGAN,SA1 6TD
201812,W97011,,PENARTH HEALTHCARE PARTNERSHIP,STANWELL ROAD,PENARTH VALE OF GLAMORGAN,SOUTH GLAMORGAN,CF64 3XE
201812,W93038,,THE MEDICAL CENTRE USK,MONMOUTH HOUSE MARYPORT STREET,USK,GWENT,NP15 1AB
201812,W00005,,ABER MEDICAL CENTRE,30 THOMAS STREET,ABERTRIDWR CAERPHILLY,GWENT,CF83 4AZ
201812,W95059,,COURT HOUSE MEDICAL CENTRE,HEOL BRO WEN,CAERPHILLY,MID GLAMORGAN,CF83 3GH
201812,W00124,,PRIMARY COMMUNITY &,INTERMEDIATE CARE CB (PCIC),CARDIFF ROYAL INFIRMARY (CRI),NEWPORT RD CARDIFF,CF24 0SZ
201812,W00164,,PULMONARY REHAB TEAM BLOCK A,NEATH PORT TALBOT HOSPITAL,BAGLAN WAY,PORT TALBOT,SA12 7BX
201812,W93068,,BRYNMAWR HEALTH & WELL BEING,CENTRE,BRYNMAWR MEDICAL CENTRE,BLAEN-AFON RD BRYNMAWR,NP23 4BR
201812,W94612,,PORTHMADOG HEALTH CENTRE,PORTHMADOG,GWYNEDD,,LL49 9NU
201812,W98608,,ABERTAWE MEDICAL PRACTICE,160 HIGH STREET,SWANSEA,,SA1 1NE
201812,W98012,,ESTUARY GROUP PRACTICE,22 MILL STREET,GOWERTON SWANSEA,WEST GLAMORGAN,SA4 3ED
201812,W92440,,NEYLAND SURGERY,ST CLEMENTS ROAD,NEYLAND,MILFORD HAVEN,SA73 1SH
201812,W93063,,TREDEGAR HEALTH CENTRE,PARK ROW,TREDEGAR,BLAENAU GWENT,NP22 3XP
201812,7A1   ,Betsi Cadwaladr University HB,Preswylfa,Hendy Road,Mold ,Flintshire,CH7 1PZ
201812,7A2   ,Hywel Dda HB,St. Davids Hospital,Jobswell Road,Carmarthen, ,SA31 3YH
201812,7A3   ,Abertawe Bro Morgannwg University HB,41 High Street,Swansea, , ,SA1 1LT
201812,7A4   ,Cardiff & Vale University HB,PRIMARY CARE PCIC,FIRST FLOOR WOODLAND HOUSE,MAES Y COED ROAD,CARDIFF,CF14 4TT
201812,7A5   ,Cwm Taf HB,Albert Road,Pontypridd,Mid Glamorgan, ,CF37 1LB
201812,7A6   ,Aneurin Bevan HB,Mamhilad House,Mamhilad Park Estate,Pontypool,Gwent,NP4 0YP
201812,7A7   ,Powys Teaching HB,Mansion House,Bronllys,Brecon,POWYS,LD3 0LS
201812,6A1   ,Monmouth,Singleton Court Business Park,Wonastow Road,Monmouth,MONMOUTHSHIRE,NP25 5JA
201812,6A2   ,Gwynedd,ERYLDON,CAMPBELL ROAD,CAERNARFON,GWYNEDD,LL55 1HU
201812,6A3   ,Pembrokeshire,UNIT 5 MERLINS COURT,WINCH LANE,HAVERFORDWEST,PEMBROKESHIRE,SA61 1SB
201812,6A4   ,Ceredigion,The Bryn,North Road,Lampeter,CEREDIGION,SA48 7HA
201812,6A5   ,Neath/Port Talbot,SUITE A BRITANNIC HOUSE,LLANDARCY,NEATH, ,SA10 6JQ
201812,6A6   ,Swansea,Medicines Management Team,12th Floor The Oldway Centre,36 Orchard Street,Swansea,SA1 5AW
201812,6A7   ,Conwy,Ivanhoe Building,Abergele Hospital,Llanfair Road,ABERGELE,LL22 8DP
201812,6A8   ,Cardiff,PRIMARY CARE PCIC,FIRST FLOOR WOODLAND HOUSE,MAES Y COED ROAD,CARDIFF,CF14 4TT
201812,6A9   ,Rhondda Cynon Taff,Unit 3,Navigation Park,Abercynon,RHONDDA CYNON TAFF,CF45 4SN
201812,6B1   ,Ynys Mon,Eryldon,Campbell Road,Caernarfon,GWYNEDD,LL55 1HU
201812,6B2   ,Caerphilly,Llanarth House,Unit 1 Newbridge Gateway,Bridge Street,NEWBRIDGE,NP11 5GH
201812,6B3   ,Bridgend,NORTH COURT DAVID STREET,BRIDGEND INDUSTRIAL ESTATE,BRIDGEND,,CF31 3TP
201812,6B4   ,Wrexham,Pharmacy Dept(Primary care tm),Wrexham Maelor hospital,Croesnewydd Road,WREXHAM,LL13 7TD
201812,6B5   ,Flintshire,PRESWYLFA,HENDY ROAD,MOLD,FLINTSHIRE,CH7 1PZ
201812,6B6   ,The Vale Of Glamorgan,PRIMARY CARE PCIC,FIRST FLOOR WOODLAND HOUSE,MAES Y COED ROAD,CARDIFF,CF14 4TT
201812,6B7   ,Carmarthenshire,Medicines Management Team,Block13 Prince Philip Hospital,Bryngwyn Mawr Dafen,Llanelli,SA14 8QF
201812,6B8   ,Merthyr Tydfil,Ynysmeurig House,Unit 3 Navigation Park,Abercynon,RHONDDA CYNON TAFF,CF45 4SN
201812,6B9   ,Newport,Wentwood Ward,St Cadocs Hospital,Lodge Road,CAERLEON NEWPORT,NP18 3XQ
201812,6C1   ,Denbighshire,Ivanhoe Building,Abergele Hospital,Llanfair Road,ABERGELE,LL22 8DP
201812,6C2   ,Blaenau Gwent,Anvil Court       ,Church Street          ,Abertillery             ,Gwent,NP13 1DB
201812,6C3   ,Torfaen,Mamhilad House,Mamhilad Park Est.,Pontypool,GWENT,NP4 0YP
201812,6C4   ,Powys,Mansion House,Bronllys,Brecon,POWYS,LD3 0LS
